Region,Reef,Species,Phase,TL,Bites,min,sec,time,TL,bite rate
GBR,Lizard,B. muricatum,,110,11,3,0,00:03:00,110,3.666666667
GBR,Lizard,B. muricatum,,65,14,3,0,00:03:00,65,4.666666667
GBR,Lizard,B. muricatum,,75,15,3,1,00:03:01,75,4.972375691
GBR,Lizard,C. bicolor,IP,24,31,3,4,00:03:04,24,10.10869565
GBR,Lizard,C. bicolor,TP,48,13,3,34,00:03:34,48,3.644859813
GBR,Lizard,C. bicolor,IP,22,28,3,7,00:03:07,22,8.983957219
GBR,Lizard,C. bicolor,IP,38,18,3,2,00:03:02,38,5.934065934
GBR,Lizard,C. bicolor,IP,41,16,3,1,00:03:01,41,5.303867403
GBR,Lizard,C. bicolor,IP,44,13,3,5,00:03:05,44,4.216216216
GBR,Lizard,C. bicolor,IP,22,17,3,19,00:03:19,22,5.125628141
GBR,Lizard,C. bicolor,IP,30,20,3,2,00:03:02,30,6.593406593
GBR,Lizard,C. bicolor,IP,22,12,3,0,00:03:00,22,4
GBR,Lizard,C. bicolor,IP,19,25,3,0,00:03:00,19,8.333333333
GBR,Lizard,C. bicolor,IP,27,23,3,4,00:03:04,27,7.5
GBR,Lizard,C. bicolor,TP,60,8,3,11,00:03:11,60,2.513089005
GBR,Lizard,C. bicolor,IP,48,11,3,0,00:03:00,48,3.666666667
GBR,Lizard,C. bicolor,IP,37,15,3,9,00:03:09,37,4.761904762
GBR,Lizard,C. bicolor,IP,34,24,3,3,00:03:03,34,7.868852459
GBR,Lizard,C. bicolor,IP,36,19,3,5,00:03:05,36,6.162162162
GBR,Lizard,C. bicolor,IP,30,28,3,0,00:03:00,30,9.333333333
GBR,Lizard,C. bicolor,TP,55,11,3,12,00:03:12,55,3.4375
GBR,Lizard,C. bicolor,IP,35,19,3,0,00:03:00,35,6.333333333
GBR,Lizard,C. bicolor,IP,24,23,3,3,00:03:03,24,7.540983607
GBR,Lizard,C. bicolor,IP,40,11,3,0,00:03:00,40,3.666666667
GBR,Lizard,C. bicolor,TP,48,9,3,7,00:03:07,48,2.887700535
GBR,Lizard,C. bicolor,IP,29,23,3,5,00:03:05,29,7.459459459
GBR,Lizard,C. bicolor,IP,37,10,3,0,00:03:00,37,3.333333333
GBR,Lizard,C. bicolor,TP,43,9,3,4,00:03:04,43,2.934782609
GBR,Lizard,C. bicolor,IP,27,25,3,6,00:03:06,27,8.064516129
GBR,Lizard,C. bicolor,IP,23,36,3,1,00:03:01,23,11.93370166
GBR,Lizard,C. bicolor,IP,35,13,3,0,00:03:00,35,4.333333333
GBR,Lizard,C. bicolor,IP,49,12,3,2,00:03:02,49,3.956043956
GBR,Lizard,C. bicolor,TP,58,8,3,2,00:03:02,58,2.637362637
GBR,Lizard,C. bleekeri,TP,23,13,3,23,00:03:23,23,3.842364532
GBR,Lizard,C. bleekeri,IP,21,57,3,2,00:03:02,21,18.79120879
GBR,Lizard,C. bleekeri,TP,25,28,3,2,00:03:02,25,9.230769231
GBR,Lizard,C. bleekeri,IP,22,44,3,3,00:03:03,22,14.42622951
GBR,Lizard,C. bleekeri,TP,15,63,3,8,00:03:08,15,20.10638298
GBR,Lizard,C. bleekeri,IP,26,27,3,3,00:03:03,26,8.852459016
GBR,Lizard,C. bleekeri,IP,16,58,3,0,00:03:00,16,19.33333333
GBR,Lizard,C. bleekeri,IP,23,34,3,5,00:03:05,23,11.02702703
GBR,Lizard,C. carolinus,IP,20,31,,285,00:04:45,20,6.526315789
GBR,Lizard,C. carolinus,IP,24,16,,146,00:02:26,24,6.575342466
GBR,Lizard,C. carolinus,IP,25,54,,641,00:10:41,25,5.054602184
GBR,Lizard,C. carolinus,IP,25,17,,224,00:03:44,25,4.553571429
GBR,Lizard,C. carolinus,TP,27,11,,188,00:03:08,27,3.510638298
GBR,Lizard,C. carolinus,TP,28,9,,186,00:03:06,28,2.903225806
GBR,Lizard,C. carolinus,IP,23,22,,201,00:03:21,23,6.567164179
GBR,Lizard,C. carolinus,TP,18,36,,219,00:03:39,18,9.863013699
GBR,Lizard,C. carolinus,IP,24,14,3,5,00:03:05,24,4.540540541
GBR,Lizard,C. carolinus,TP,32,13,3,0,00:03:00,32,4.333333333
GBR,Lizard,C. carolinus,IP,26,18,3,9,00:03:09,26,5.714285714
GBR,Lizard,C. microrhinos,IP,17,53,5,6,00:05:06,17,10.39215686
GBR,Lizard,C. microrhinos,IP,17,51,4,29,00:04:29,17,11.37546468
GBR,Lizard,C. microrhinos,IP,18,56,6,0,00:06:00,18,9.333333333
GBR,Lizard,C. microrhinos,IP,18,73,5,10,00:05:10,18,14.12903226
GBR,Lizard,C. microrhinos,IP,19,48,4,22,00:04:22,19,10.99236641
GBR,Lizard,C. microrhinos,IP,22,48,4,51,00:04:51,22,9.896907216
GBR,Lizard,C. microrhinos,IP,23,41,4,22,00:04:22,23,9.389312977
GBR,Lizard,C. microrhinos,IP,24,47,6,0,00:06:00,24,7.833333333
GBR,Lizard,C. microrhinos,IP,25,28,6,32,00:06:32,25,4.285714286
GBR,Lizard,C. microrhinos,IP,25,36,4,14,00:04:14,25,8.503937008
GBR,Lizard,C. microrhinos,IP,25,37,3,52,00:03:52,25,9.568965517
GBR,Lizard,C. microrhinos,IP,25,54,4,6,00:04:06,25,13.17073171
GBR,Lizard,C. microrhinos,IP,26,39,5,23,00:05:23,26,7.244582043
GBR,Lizard,C. microrhinos,IP,26,43,5,32,00:05:32,26,7.771084337
GBR,Lizard,C. microrhinos,IP,27,45,4,11,00:04:11,27,10.75697211
GBR,Lizard,C. microrhinos,IP,27,39,5,32,00:05:32,27,7.048192771
GBR,Lizard,C. microrhinos,IP,28,24,5,1,00:05:01,28,4.784053156
GBR,Lizard,C. microrhinos,IP,28,42,3,54,00:03:54,28,10.76923077
GBR,Lizard,C. microrhinos,IP,29,48,4,39,00:04:39,29,10.32258065
GBR,Lizard,C. microrhinos,IP,31,47,4,49,00:04:49,31,9.757785467
GBR,Lizard,C. microrhinos,IP,32,16,3,49,00:03:49,32,4.192139738
GBR,Lizard,C. microrhinos,IP,32,27,3,40,00:03:40,32,7.363636364
GBR,Lizard,C. microrhinos,TP,32,36,5,7,00:05:07,32,7.035830619
GBR,Lizard,C. microrhinos,IP,32,25,3,58,00:03:58,32,6.302521008
GBR,Lizard,C. microrhinos,IP,33,37,4,45,00:04:45,33,7.789473684
GBR,Lizard,C. microrhinos,TP,34,15,6,32,00:06:32,34,2.295918367
GBR,Lizard,C. microrhinos,IP,34,33,4,22,00:04:22,34,7.557251908
GBR,Lizard,C. microrhinos,TP,34,39,5,17,00:05:17,34,7.38170347
GBR,Lizard,C. microrhinos,TP,35,13,3,49,00:03:49,35,3.406113537
GBR,Lizard,C. microrhinos,TP,36,17,4,29,00:04:29,36,3.791821561
GBR,Lizard,C. microrhinos,TP,38,12,6,32,00:06:32,38,1.836734694
GBR,Lizard,C. microrhinos,TP,39,58,6,27,00:06:27,39,8.992248062
GBR,Lizard,C. microrhinos,TP,40,16,3,15,00:03:15,40,4.923076923
GBR,Lizard,C. microrhinos,TP,40,36,5,33,00:05:33,40,6.486486486
GBR,Lizard,C. microrhinos,TP,41,21,4,21,00:04:21,41,4.827586207
GBR,Lizard,C. microrhinos,TP,41,34,6,3,00:06:03,41,5.619834711
GBR,Lizard,C. microrhinos,TP,41,36,4,28,00:04:28,41,8.059701493
GBR,Lizard,C. microrhinos,TP,42,20,4,48,00:04:48,42,4.166666667
GBR,Lizard,C. microrhinos,TP,43,26,5,10,00:05:10,43,5.032258065
GBR,Lizard,C. microrhinos,TP,44,24,4,54,00:04:54,44,4.897959184
GBR,Lizard,C. microrhinos,TP,45,13,3,58,00:03:58,45,3.277310924
GBR,Lizard,C. microrhinos,IP,48,19,4,6,00:04:06,48,4.634146341
GBR,Lizard,C. microrhinos,TP,48,27,5,14,00:05:14,48,5.159235669
GBR,Lizard,C. microrhinos,TP,49,19,5,9,00:05:09,49,3.689320388
GBR,Lizard,C. microrhinos,TP,50,14,5,24,00:05:24,50,2.592592593
GBR,Lizard,C. microrhinos,TP,55,21,5,4,00:05:04,55,4.144736842
GBR,Lizard,C. sordidus,IP,9,59,4,8,00:04:08,9,14.27419355
GBR,Lizard,C. sordidus,IP,9,97,4,6,00:04:06,9,23.65853659
GBR,Lizard,C. sordidus,IP,11,68,4,15,00:04:15,11,16
GBR,Lizard,C. sordidus,IP,14,124,4,18,00:04:18,14,28.8372093
GBR,Lizard,C. sordidus,IP,15,117,4,35,00:04:35,15,25.52727273
GBR,Lizard,C. sordidus,IP,15,106,3,54,00:03:54,15,27.17948718
GBR,Lizard,C. sordidus,IP,15,104,3,43,00:03:43,15,27.98206278
GBR,Lizard,C. sordidus,IP,16,69,4,10,00:04:10,16,16.56
GBR,Lizard,C. sordidus,IP,16,75,3,2,00:03:02,16,24.72527473
GBR,Lizard,C. sordidus,IP,16,82,3,36,00:03:36,16,22.77777778
GBR,Lizard,C. sordidus,IP,16,74,3,2,00:03:02,16,24.3956044
GBR,Lizard,C. sordidus,IP,17,74,3,34,00:03:34,17,20.74766355
GBR,Lizard,C. sordidus,IP,18,125,4,12,00:04:12,18,29.76190476
GBR,Lizard,C. sordidus,IP,18,101,3,57,00:03:57,18,25.56962025
GBR,Lizard,C. sordidus,IP,19,115,3,53,00:03:53,19,29.61373391
GBR,Lizard,C. sordidus,IP,19,77,3,39,00:03:39,19,21.09589041
GBR,Lizard,C. sordidus,IP,20,80,4,5,00:04:05,20,19.59183673
GBR,Lizard,C. sordidus,IP,20,112,4,41,00:04:41,20,23.91459075
GBR,Lizard,C. sordidus,TP,21,66,3,40,00:03:40,21,18
GBR,Lizard,C. sordidus,TP,21,64,3,46,00:03:46,21,16.99115044
GBR,Lizard,C. sordidus,IP,21,72,4,28,00:04:28,21,16.11940299
GBR,Lizard,C. sordidus,IP,21,83,3,35,00:03:35,21,23.1627907
GBR,Lizard,C. sordidus,TP,21,83,4,8,00:04:08,21,20.08064516
GBR,Lizard,C. sordidus,TP,22,68,3,40,00:03:40,22,18.54545455
GBR,Lizard,C. sordidus,TP,23,59,4,31,00:04:31,23,13.06273063
GBR,Lizard,C. sordidus,TP,23,72,3,38,00:03:38,23,19.81651376
GBR,Lizard,C. sordidus,TP,23,84,4,3,00:04:03,23,20.74074074
GBR,Lizard,C. sordidus,TP,24,62,4,5,00:04:05,24,15.18367347
GBR,Lizard,C. sordidus,TP,24,49,3,12,00:03:12,24,15.3125
GBR,Lizard,C. sordidus,TP,24,53,3,8,00:03:08,24,16.91489362
GBR,Lizard,C. sordidus,TP,24,64,4,46,00:04:46,24,13.42657343
GBR,Lizard,C. sordidus,TP,24,47,3,59,00:03:59,24,11.79916318
GBR,Lizard,C. sordidus,TP,24,62,4,35,00:04:35,24,13.52727273
GBR,Lizard,C. sordidus,TP,24,69,4,4,00:04:04,24,16.96721311
GBR,Lizard,C. sordidus,TP,24,56,4,6,00:04:06,24,13.65853659
GBR,Lizard,C. sordidus,TP,24,81,5,7,00:05:07,24,15.83061889
GBR,Lizard,C. sordidus,TP,25,64,3,13,00:03:13,25,19.89637306
GBR,Lizard,C. sordidus,TP,25,57,3,49,00:03:49,25,14.93449782
GBR,Lizard,C. sordidus,TP,25,50,3,6,00:03:06,25,16.12903226
GBR,Lizard,C. sordidus,TP,25,45,4,2,00:04:02,25,11.15702479
GBR,Lizard,C. sordidus,TP,25,44,4,13,00:04:13,25,10.43478261
GBR,Lizard,C. sordidus,TP,25,39,3,9,00:03:09,25,12.38095238
GBR,Lizard,C. sordidus,TP,25,64,4,10,00:04:10,25,15.36
GBR,Lizard,C. sordidus,TP,25,69,4,0,00:04:00,25,17.25
GBR,Lizard,C. sordidus,TP,25,69,4,5,00:04:05,25,16.89795918
GBR,Lizard,C. sordidus,TP,26,71,4,12,00:04:12,26,16.9047619
GBR,Lizard,C. sordidus,TP,26,44,3,14,00:03:14,26,13.60824742
GBR,Lizard,C. sordidus,TP,26,57,4,19,00:04:19,26,13.2046332
GBR,Lizard,C. sordidus,TP,26,52,3,29,00:03:29,26,14.92822967
GBR,Lizard,C. sordidus,TP,26,44,4,11,00:04:11,26,10.51792829
GBR,Lizard,C. sordidus,TP,26,44,3,46,00:03:46,26,11.68141593
GBR,Lizard,C. sordidus,TP,26,89,5,3,00:05:03,26,17.62376238
GBR,Lizard,C. sordidus,TP,26,85,4,42,00:04:42,26,18.08510638
GBR,Lizard,C. sordidus,TP,27,49,4,3,00:04:03,27,12.09876543
GBR,Lizard,C. sordidus,TP,27,72,5,28,00:05:28,27,13.17073171
GBR,Lizard,C. sordidus,TP,27,65,4,52,00:04:52,27,13.35616438
GBR,Lizard,C. sordidus,TP,27,59,4,12,00:04:12,27,14.04761905
GBR,Lizard,C. sordidus,TP,28,67,4,51,00:04:51,28,13.81443299
GBR,Lizard,C. sordidus,IP,16,36,3,15,00:03:15,16,11.07692308
GBR,Lizard,H. longiceps,IP,14,68,,300,00:05:00,14,13.6
GBR,Lizard,H. longiceps,IP,15,71,,274,00:04:34,15,15.54744526
GBR,Lizard,H. longiceps,IP,18,32,,134,00:02:14,18,14.32835821
GBR,Lizard,H. longiceps,IP,20,44,,271,00:04:31,20,9.741697417
GBR,Lizard,H. longiceps,IP,22,36,,212,00:03:32,22,10.18867925
GBR,Lizard,H. longiceps,IP,23,27,,219,00:03:39,23,7.397260274
GBR,Lizard,H. longiceps,IP,25,33,,178,00:02:58,25,11.12359551
GBR,Lizard,H. longiceps,IP,28,37,,182,00:03:02,28,12.1978022
GBR,Lizard,H. longiceps,IP,28,28,,194,00:03:14,28,8.659793814
GBR,Lizard,H. longiceps,IP,30,30,,236,00:03:56,30,7.627118644
GBR,Lizard,H. longiceps,IP,32,29,,213,00:03:33,32,8.169014085
GBR,Lizard,H. longiceps,IP,31,27,3,18,00:03:18,31,8.181818182
GBR,Lizard,H. longiceps,IP,27,20,3,0,00:03:00,27,6.666666667
GBR,Lizard,H. longiceps,IP,23,25,3,7,00:03:07,23,8.021390374
GBR,Lizard,H. longiceps,IP,36,13,3,0,00:03:00,36,4.333333333
GBR,Lizard,H. longiceps,TP,46,4,3,1,00:03:01,46,1.325966851
GBR,Lizard,H. longiceps,TP,41,7,3,0,00:03:00,41,2.333333333
GBR,Lizard,H. longiceps,IP,27,19,3,2,00:03:02,27,6.263736264
GBR,Lizard,H. longiceps,IP,31,25,3,10,00:03:10,31,7.894736842
GBR,Lizard,S. altipinnis,IP,20,128,,274,00:04:34,20,28.02919708
GBR,Lizard,S. altipinnis,IP,21,114,,258,00:04:18,21,26.51162791
GBR,Lizard,S. altipinnis,IP,21,80,,218,00:03:38,21,22.01834862
GBR,Lizard,S. altipinnis,IP,22,92,,216,00:03:36,22,25.55555556
GBR,Lizard,S. altipinnis,IP,23,70,,209,00:03:29,23,20.09569378
GBR,Lizard,S. altipinnis,IP,23,72,,201,00:03:21,23,21.49253731
GBR,Lizard,S. altipinnis,IP,24,93,,240,00:04:00,24,23.25
GBR,Lizard,S. altipinnis,IP,25,67,,196,00:03:16,25,20.51020408
GBR,Lizard,S. altipinnis,IP,25,64,,192,00:03:12,25,20
GBR,Lizard,S. altipinnis,IP,17,198,,379,00:06:19,17,31.34564644
GBR,Lizard,S. altipinnis,IP,20,100,,185,00:03:05,20,32.43243243
GBR,Lizard,S. altipinnis,IP,28,78,,252,00:04:12,28,18.57142857
GBR,Lizard,S. altipinnis,IP,18,94,,180,00:03:00,18,31.33333333
GBR,Lizard,S. altipinnis,TP,30,103,,302,00:05:02,30,20.46357616
GBR,Lizard,S. altipinnis,TP,30,72,,184,00:03:04,30,23.47826087
GBR,Lizard,S. altipinnis,IP,30,108,,300,00:05:00,30,21.6
GBR,Lizard,S. altipinnis,IP,30,75,,180,00:03:00,30,25
GBR,Lizard,S. altipinnis,TP,31,81,,186,00:03:06,31,26.12903226
GBR,Lizard,S. altipinnis,TP,31,68,,181,00:03:01,31,22.54143646
GBR,Lizard,S. altipinnis,TP,33,112,,300,00:05:00,33,22.4
GBR,Lizard,S. altipinnis,TP,34,86,,214,00:03:34,34,24.11214953
GBR,Lizard,S. altipinnis,TP,34,69,,180,00:03:00,34,23
GBR,Lizard,S. altipinnis,TP,34,75,,200,00:03:20,34,22.5
GBR,Lizard,S. altipinnis,TP,35,68,,186,00:03:06,35,21.93548387
GBR,Lizard,S. altipinnis,TP,35,74,,203,00:03:23,35,21.87192118
GBR,Lizard,S. altipinnis,TP,35,71,,180,00:03:00,35,23.66666667
GBR,Lizard,S. altipinnis,TP,36,114,,269,00:04:29,36,25.42750929
GBR,Lizard,S. altipinnis,TP,36,59,,203,00:03:23,36,17.43842365
GBR,Lizard,S. altipinnis,TP,37,61,,180,00:03:00,37,20.33333333
GBR,Lizard,S. altipinnis,IP,22,41,3,6,00:03:06,22,13.22580645
GBR,Lizard,S. altipinnis,IP,34,91,3,0,00:03:00,34,30.33333333
GBR,Lizard,S. altipinnis,IP,27,42,3,3,00:03:03,27,13.7704918
GBR,Lizard,S. chameleon,IP,14,28,3,3,00:03:03,14,9.180327869
GBR,Lizard,S. chameleon,IP,14,54,3,11,00:03:11,14,16.96335079
GBR,Lizard,S. chameleon,TP,23,34,3,3,00:03:03,23,11.14754098
GBR,Lizard,S. chameleon,IP,14,78,3,1,00:03:01,14,25.85635359
GBR,Lizard,S. chameleon,TP,21,34,3,3,00:03:03,21,11.14754098
GBR,Lizard,S. chameleon,TP,28,44,3,2,00:03:02,28,14.50549451
GBR,Lizard,S. chameleon,IP,13,76,3,0,00:03:00,13,25.33333333
GBR,Lizard,S. chameleon,IP,17,54,3,4,00:03:04,17,17.60869565
GBR,Lizard,S. chameleon,IP,16,65,3,1,00:03:01,16,21.54696133
GBR,Lizard,S. chameleon,IP,19,61,3,5,00:03:05,19,19.78378378
GBR,Lizard,S. chameleon,IP,18,62,3,0,00:03:00,18,20.66666667
GBR,Lizard,S. chameleon,IP,14,48,3,2,00:03:02,14,15.82417582
GBR,Lizard,S. chameleon,IP,21,43,3,1,00:03:01,21,14.25414365
GBR,Lizard,S. chameleon,TP,26,27,3,9,00:03:09,26,8.571428571
GBR,Lizard,S. chameleon,IP,14,68,3,5,00:03:05,14,22.05405405
GBR,Lizard,S. chameleon,IP,16,67,3,16,00:03:16,16,20.51020408
GBR,Lizard,S. chameleon,TP,24,32,3,4,00:03:04,24,10.43478261
GBR,Lizard,S. chameleon,IP,19,63,3,1,00:03:01,19,20.8839779
GBR,Lizard,S. chameleon,TP,24,37,3,2,00:03:02,24,12.1978022
GBR,Lizard,S. chameleon,IP,17,55,3,8,00:03:08,17,17.55319149
GBR,Lizard,S. chameleon,TP,22,33,3,1,00:03:01,22,10.93922652
GBR,Lizard,S. dimidiatus,IP,15,94,,180,00:03:00,15,31.33333333
GBR,Lizard,S. dimidiatus,IP,17,86,,180,00:03:00,17,28.66666667
GBR,Lizard,S. dimidiatus,IP,14,97,,211,00:03:31,14,27.58293839
GBR,Lizard,S. dimidiatus,TP,18,103,,241,00:04:01,18,25.64315353
GBR,Lizard,S. dimidiatus,IP,16,145,,300,00:05:00,16,29
GBR,Lizard,S. dimidiatus,IP,16,129,,283,00:04:43,16,27.34982332
GBR,Lizard,S. dimidiatus,IP,20,57,,181,00:03:01,20,18.89502762
GBR,Lizard,S. dimidiatus,TP,21,94,,256,00:04:16,21,22.03125
GBR,Lizard,S. dimidiatus,IP,24,82,,191,00:03:11,24,25.7591623
GBR,Lizard,S. dimidiatus,IP,25,74,,180,00:03:00,25,24.66666667
GBR,Lizard,S. dimidiatus,IP,25,73,,182,00:03:02,25,24.06593407
GBR,Lizard,S. dimidiatus,IP,25,91,,203,00:03:23,25,26.89655172
GBR,Lizard,S. dimidiatus,TP,26,78,,198,00:03:18,26,23.63636364
GBR,Lizard,S. dimidiatus,TP,29,88,,226,00:03:46,29,23.36283186
GBR,Lizard,S. dimidiatus,TP,27,69,,182,00:03:02,27,22.74725275
GBR,Lizard,S. dimidiatus,TP,27,91,,256,00:04:16,27,21.328125
GBR,Lizard,S. dimidiatus,IP,13,105,3,46,00:03:46,13,27.87610619
GBR,Lizard,S. dimidiatus,IP,23,75,3,3,00:03:03,23,24.59016393
GBR,Lizard,S. dimidiatus,TP,26,43,3,3,00:03:03,26,14.09836066
GBR,Lizard,S. dimidiatus,TP,27,70,3,0,00:03:00,27,23.33333333
GBR,Lizard,S. dimidiatus,IP,17,71,3,3,00:03:03,17,23.27868852
GBR,Lizard,S. dimidiatus,TP,18,93,3,1,00:03:01,18,30.82872928
GBR,Lizard,S. dimidiatus,TP,20,99,3,3,00:03:03,20,32.45901639
GBR,Lizard,S. dimidiatus,TP,25,48,3,9,00:03:09,25,15.23809524
GBR,Lizard,S. dimidiatus,TP,23,72,3,3,00:03:03,23,23.60655738
GBR,Lizard,S. dimidiatus,IP,17,129,3,4,00:03:04,17,42.06521739
GBR,Lizard,S. dimidiatus,TP,28,76,3,2,00:03:02,28,25.05494505
GBR,Lizard,S. dimidiatus,TP,28,71,3,9,00:03:09,28,22.53968254
GBR,Lizard,S. dimidiatus,TP,25,86,3,8,00:03:08,25,27.44680851
GBR,Lizard,S. dimidiatus,IP,21,95,3,9,00:03:09,21,30.15873016
GBR,Lizard,S. dimidiatus,IP,22,97,3,22,00:03:22,22,28.81188119
GBR,Lizard,S. dimidiatus,IP,13,93,3,2,00:03:02,13,30.65934066
GBR,Lizard,S. dimidiatus,IP,24,113,3,1,00:03:01,24,37.45856354
GBR,Lizard,S. dimidiatus,IP,17,54,3,9,00:03:09,17,17.14285714
GBR,Lizard,S. flavipectoralis,IP,23,67,3,1,00:03:01,23,22.20994475
GBR,Lizard,S. flavipectoralis,TP,29,81,3,8,00:03:08,29,25.85106383
GBR,Lizard,S. flavipectoralis,IP,20,68,3,2,00:03:02,20,22.41758242
GBR,Lizard,S. flavipectoralis,IP,18,58,3,19,00:03:19,18,17.48743719
GBR,Lizard,S. flavipectoralis,TP,23,80,3,17,00:03:17,23,24.36548223
GBR,Lizard,S. flavipectoralis,TP,25,62,3,22,00:03:22,25,18.41584158
GBR,Lizard,S. flavipectoralis,IP,17,58,3,12,00:03:12,17,18.125
GBR,Lizard,S. flavipectoralis,IP,23,58,3,10,00:03:10,23,18.31578947
GBR,Lizard,S. flavipectoralis,IP,24,64,3,9,00:03:09,24,20.31746032
GBR,Lizard,S. flavipectoralis,TP,29,68,3,49,00:03:49,29,17.81659389
GBR,Lizard,S. flavipectoralis,IP,10,2,3,0,00:03:00,10,0.666666667
GBR,Lizard,S. flavipectoralis,IP,15,44,3,0,00:03:00,15,14.66666667
GBR,Lizard,S. flavipectoralis,IP,15,33,3,0,00:03:00,15,11
GBR,Lizard,S. flavipectoralis,IP,10,22,3,0,00:03:00,10,7.333333333
GBR,Lizard,S. flavipectoralis,TP,24,66,3,0,00:03:00,24,22
GBR,Lizard,S. flavipectoralis,IP,22,68,3,4,00:03:04,22,22.17391304
GBR,Lizard,S. flavipectoralis,IP,17,21,3,9,00:03:09,17,6.666666667
GBR,Lizard,S. flavipectoralis,IP,13,24,3,7,00:03:07,13,7.700534759
GBR,Lizard,S. flavipectoralis,IP,20,49,3,17,00:03:17,20,14.92385787
GBR,Lizard,S. flavipectoralis,IP,24,93,3,20,00:03:20,24,27.9
GBR,Lizard,S. flavipectoralis,IP,10,17,3,4,00:03:04,10,5.543478261
GBR,Lizard,S. flavipectoralis,IP,20,24,3,4,00:03:04,20,7.826086957
GBR,Lizard,S. flavipectoralis,IP,20,78,3,4,00:03:04,20,25.43478261
GBR,Lizard,S. flavipectoralis,TP,22,63,3,20,00:03:20,22,18.9
GBR,Lizard,S. flavipectoralis,IP,24,67,3,1,00:03:01,24,22.20994475
GBR,Lizard,S. flavipectoralis,IP,20,78,3,17,00:03:17,20,23.75634518
GBR,Lizard,S. flavipectoralis,IP,22,56,3,11,00:03:11,22,17.59162304
GBR,Lizard,S. flavipectoralis,IP,18,42,3,7,00:03:07,18,13.47593583
GBR,Lizard,S. flavipectoralis,IP,15,55,3,20,00:03:20,15,16.5
GBR,Lizard,S. flavipectoralis,IP,10,20,3,0,00:03:00,10,6.666666667
GBR,Lizard,S. flavipectoralis,IP,20,41,3,1,00:03:01,20,13.59116022
GBR,Lizard,S. flavipectoralis,TP,25,44,3,9,00:03:09,25,13.96825397
GBR,Lizard,S. forsteni,IP,14,108,,210,00:03:30,14,30.85714286
GBR,Lizard,S. forsteni,IP,15,104,,191,00:03:11,15,32.67015707
GBR,Lizard,S. forsteni,IP,15,92,,189,00:03:09,15,29.20634921
GBR,Lizard,S. forsteni,IP,16,91,,241,00:04:01,16,22.65560166
GBR,Lizard,S. forsteni,IP,18,79,,182,00:03:02,18,26.04395604
GBR,Lizard,S. forsteni,IP,17,112,,276,00:04:36,17,24.34782609
GBR,Lizard,S. forsteni,IP,19,83,,190,00:03:10,19,26.21052632
GBR,Lizard,S. forsteni,IP,20,112,,300,00:05:00,20,22.4
GBR,Lizard,S. forsteni,IP,20,93,,300,00:05:00,20,18.6
GBR,Lizard,S. forsteni,IP,20,71,,196,00:03:16,20,21.73469388
GBR,Lizard,S. forsteni,IP,21,107,,300,00:05:00,21,21.4
GBR,Lizard,S. forsteni,IP,23,56,,211,00:03:31,23,15.92417062
GBR,Lizard,S. forsteni,IP,23,104,,300,00:05:00,23,20.8
GBR,Lizard,S. forsteni,IP,26,73,,213,00:03:33,26,20.56338028
GBR,Lizard,S. forsteni,IP,28,86,,300,00:05:00,28,17.2
GBR,Lizard,S. forsteni,IP,32,69,,186,00:03:06,32,22.25806452
GBR,Lizard,S. forsteni,TP,31,71,,195,00:03:15,31,21.84615385
GBR,Lizard,S. forsteni,TP,32,29,,120,00:02:00,32,14.5
GBR,Lizard,S. forsteni,TP,34,70,,180,00:03:00,34,23.33333333
GBR,Lizard,S. forsteni,TP,38,67,,222,00:03:42,38,18.10810811
GBR,Lizard,S. forsteni,IP,29,43,3,5,00:03:05,29,13.94594595
GBR,Lizard,S. forsteni,IP,23,64,3,2,00:03:02,23,21.0989011
GBR,Lizard,S. forsteni,TP,32,25,3,1,00:03:01,32,8.287292818
GBR,Lizard,S. forsteni,IP,25,62,3,0,00:03:00,25,20.66666667
GBR,Lizard,S. forsteni,IP,32,45,3,20,00:03:20,32,13.5
GBR,Lizard,S. forsteni,IP,27,57,3,20,00:03:20,27,17.1
GBR,Lizard,S. forsteni,IP,20,55,3,0,00:03:00,20,18.33333333
GBR,Lizard,S. forsteni,IP,22,69,3,0,00:03:00,22,23
GBR,Lizard,S. forsteni,IP,16,67,3,11,00:03:11,16,21.04712042
GBR,Lizard,S. forsteni,IP,18,55,3,21,00:03:21,18,16.41791045
GBR,Lizard,S. frenatus,IP,15,109,3,12,00:03:12,15,34.0625
GBR,Lizard,S. frenatus,IP,16,122,3,35,00:03:35,16,34.04651163
GBR,Lizard,S. frenatus,IP,19,105,3,15,00:03:15,19,32.30769231
GBR,Lizard,S. frenatus,IP,19,76,3,11,00:03:11,19,23.87434555
GBR,Lizard,S. frenatus,IP,20,97,4,36,00:04:36,20,21.08695652
GBR,Lizard,S. frenatus,IP,20,112,4,12,00:04:12,20,26.66666667
GBR,Lizard,S. frenatus,IP,20,88,3,4,00:03:04,20,28.69565217
GBR,Lizard,S. frenatus,IP,20,123,3,47,00:03:47,20,32.51101322
GBR,Lizard,S. frenatus,IP,22,94,4,9,00:04:09,22,22.65060241
GBR,Lizard,S. frenatus,IP,22,116,4,28,00:04:28,22,25.97014925
GBR,Lizard,S. frenatus,IP,22,66,3,5,00:03:05,22,21.40540541
GBR,Lizard,S. frenatus,IP,23,95,4,21,00:04:21,23,21.83908046
GBR,Lizard,S. frenatus,IP,23,71,3,7,00:03:07,23,22.78074866
GBR,Lizard,S. frenatus,IP,23,131,4,13,00:04:13,23,31.06719368
GBR,Lizard,S. frenatus,IP,24,93,3,45,00:03:45,24,24.8
GBR,Lizard,S. frenatus,IP,24,158,4,7,00:04:07,24,38.3805668
GBR,Lizard,S. frenatus,IP,25,108,4,41,00:04:41,25,23.06049822
GBR,Lizard,S. frenatus,TP,25,88,4,36,00:04:36,25,19.13043478
GBR,Lizard,S. frenatus,IP,25,62,3,6,00:03:06,25,20
GBR,Lizard,S. frenatus,IP,25,112,5,14,00:05:14,25,21.40127389
GBR,Lizard,S. frenatus,IP,25,106,3,54,00:03:54,25,27.17948718
GBR,Lizard,S. frenatus,IP,25,94,3,25,00:03:25,25,27.51219512
GBR,Lizard,S. frenatus,TP,25,84,3,58,00:03:58,25,21.17647059
GBR,Lizard,S. frenatus,TP,25,119,3,43,00:03:43,25,32.01793722
GBR,Lizard,S. frenatus,IP,26,82,4,5,00:04:05,26,20.08163265
GBR,Lizard,S. frenatus,IP,26,76,3,44,00:03:44,26,20.35714286
GBR,Lizard,S. frenatus,TP,26,73,3,22,00:03:22,26,21.68316832
GBR,Lizard,S. frenatus,IP,26,74,3,52,00:03:52,26,19.13793103
GBR,Lizard,S. frenatus,IP,26,82,4,11,00:04:11,26,19.60159363
GBR,Lizard,S. frenatus,IP,26,89,3,15,00:03:15,26,27.38461538
GBR,Lizard,S. frenatus,IP,26,106,3,20,00:03:20,26,31.8
GBR,Lizard,S. frenatus,IP,26,87,3,44,00:03:44,26,23.30357143
GBR,Lizard,S. frenatus,TP,26,137,4,20,00:04:20,26,31.61538462
GBR,Lizard,S. frenatus,TP,27,69,3,2,00:03:02,27,22.74725275
GBR,Lizard,S. frenatus,IP,27,110,4,8,00:04:08,27,26.61290323
GBR,Lizard,S. frenatus,TP,27,58,3,49,00:03:49,27,15.19650655
GBR,Lizard,S. frenatus,IP,27,85,3,21,00:03:21,27,25.37313433
GBR,Lizard,S. frenatus,IP,27,97,3,50,00:03:50,27,25.30434783
GBR,Lizard,S. frenatus,IP,27,128,4,42,00:04:42,27,27.23404255
GBR,Lizard,S. frenatus,IP,28,92,4,17,00:04:17,28,21.47859922
GBR,Lizard,S. frenatus,IP,28,122,4,48,00:04:48,28,25.41666667
GBR,Lizard,S. frenatus,IP,28,102,5,10,00:05:10,28,19.74193548
GBR,Lizard,S. frenatus,TP,29,75,3,57,00:03:57,29,18.98734177
GBR,Lizard,S. frenatus,TP,29,54,3,4,00:03:04,29,17.60869565
GBR,Lizard,S. frenatus,TP,29,111,4,41,00:04:41,29,23.70106762
GBR,Lizard,S. frenatus,TP,29,103,3,48,00:03:48,29,27.10526316
GBR,Lizard,S. frenatus,TP,30,58,3,21,00:03:21,30,17.31343284
GBR,Lizard,S. frenatus,TP,31,66,3,36,00:03:36,31,18.33333333
GBR,Lizard,S. frenatus,TP,31,69,4,2,00:04:02,31,17.10743802
GBR,Lizard,S. frenatus,TP,32,117,4,27,00:04:27,32,26.29213483
GBR,Lizard,S. frenatus,TP,32,64,3,26,00:03:26,32,18.6407767
GBR,Lizard,S. frenatus,TP,32,72,3,56,00:03:56,32,18.30508475
GBR,Lizard,S. frenatus,TP,33,71,4,4,00:04:04,33,17.45901639
GBR,Lizard,S. frenatus,TP,33,93,3,41,00:03:41,33,25.24886878
GBR,Lizard,S. frenatus,TP,33,80,3,51,00:03:51,33,20.77922078
GBR,Lizard,S. frenatus,TP,34,109,4,16,00:04:16,34,25.546875
GBR,Lizard,S. frenatus,TP,32,44,3,12,00:03:12,32,13.75
GBR,Lizard,S. frenatus,TP,34,61,3,7,00:03:07,34,19.57219251
GBR,Lizard,S. frenatus,TP,37,117,3,1,00:03:01,37,38.78453039
GBR,Lizard,S. ghobban,IP,32,27,3,9,00:03:09,32,8.571428571
GBR,Lizard,S. ghobban,IP,34,24,3,8,00:03:08,34,7.659574468
GBR,Lizard,S. ghobban,IP,19,49,3,9,00:03:09,19,15.55555556
GBR,Lizard,S. ghobban,IP,27,38,3,1,00:03:01,27,12.59668508
GBR,Lizard,S. ghobban,IP,28,44,3,0,00:03:00,28,14.66666667
GBR,Lizard,S. ghobban,IP,32,29,3,1,00:03:01,32,9.613259669
GBR,Lizard,S. globiceps,TP,20,91,3,3,00:03:03,20,29.83606557
GBR,Lizard,S. globiceps,TP,20,136,3,1,00:03:01,20,45.08287293
GBR,Lizard,S. globiceps,TP,23,138,3,14,00:03:14,23,42.68041237
GBR,Lizard,S. globiceps,TP,20,127,3,11,00:03:11,20,39.89528796
GBR,Lizard,S. globiceps,TP,24,89,3,0,00:03:00,24,29.66666667
GBR,Lizard,S. globiceps,TP,20,196,3,0,00:03:00,20,65.33333333
GBR,Lizard,S. globiceps,TP,22,143,3,0,00:03:00,22,47.66666667
GBR,Lizard,S. globiceps,IP,18,157,3,9,00:03:09,18,49.84126984
GBR,Lizard,S. globiceps,IP,12,258,3,1,00:03:01,12,85.52486188
GBR,Lizard,S. globiceps,TP,24,173,3,23,00:03:23,24,51.13300493
GBR,Lizard,S. globiceps,TP,24,119,3,0,00:03:00,24,39.66666667
GBR,Lizard,S. globiceps,TP,21,155,3,3,00:03:03,21,50.81967213
GBR,Lizard,S. globiceps,IP,15,200,3,3,00:03:03,15,65.57377049
GBR,Lizard,S. globiceps,TP,19,146,3,3,00:03:03,19,47.86885246
GBR,Lizard,S. globiceps,IP,13,163,3,0,00:03:00,13,54.33333333
GBR,Lizard,S. globiceps,TP,20,128,3,5,00:03:05,20,41.51351351
GBR,Lizard,S. globiceps,TP,20,126,3,0,00:03:00,20,42
GBR,Lizard,S. globiceps,TP,23,137,3,1,00:03:01,23,45.41436464
GBR,Lizard,S. globiceps,IP,18,208,3,1,00:03:01,18,68.95027624
GBR,Lizard,S. globiceps,IP,19,191,3,6,00:03:06,19,61.61290323
GBR,Lizard,S. globiceps,TP,19,154,3,7,00:03:07,19,49.41176471
GBR,Lizard,S. globiceps,TP,25,153,3,6,00:03:06,25,49.35483871
GBR,Lizard,S. globiceps,IP,16,145,3,0,00:03:00,16,48.33333333
GBR,Lizard,S. globiceps,TP,22,137,3,2,00:03:02,22,45.16483516
GBR,Lizard,S. globiceps,TP,20,113,3,0,00:03:00,20,37.66666667
GBR,Lizard,S. globiceps,TP,19,154,3,1,00:03:01,19,51.04972376
GBR,Lizard,S. globiceps,IP,16,223,3,2,00:03:02,16,73.51648352
GBR,Lizard,S. globiceps,TP,20,157,3,4,00:03:04,20,51.19565217
GBR,Lizard,S. globiceps,TP,22,141,3,1,00:03:01,22,46.74033149
GBR,Lizard,S. globiceps,TP,18,185,3,4,00:03:04,18,60.32608696
GBR,Lizard,S. globiceps,IP,9,171,3,2,00:03:02,9,56.37362637
GBR,Lizard,S. niger,IP,19,91,3,6,00:03:06,19,29.35483871
GBR,Lizard,S. niger,IP,15,116,3,2,00:03:02,15,38.24175824
GBR,Lizard,S. niger,TP,26,126,4,43,00:04:43,26,26.71378092
GBR,Lizard,S. niger,IP,22,66,3,0,00:03:00,22,22
GBR,Lizard,S. niger,TP,30,80,3,18,00:03:18,30,24.24242424
GBR,Lizard,S. niger,TP,22,101,3,16,00:03:16,22,30.91836735
GBR,Lizard,S. niger,IP,15,121,3,5,00:03:05,15,39.24324324
GBR,Lizard,S. niger,IP,13,51,3,4,00:03:04,13,16.63043478
GBR,Lizard,S. niger,TP,30,29,2,9,00:02:09,30,13.48837209
GBR,Lizard,S. niger,IP,25,43,2,31,00:02:31,25,17.08609272
GBR,Lizard,S. niger,IP,17,99,3,17,00:03:17,17,30.15228426
GBR,Lizard,S. niger,TP,32,49,3,36,00:03:36,32,13.61111111
GBR,Lizard,S. niger,IP,19,103,3,5,00:03:05,19,33.40540541
GBR,Lizard,S. niger,TP,30,70,3,2,00:03:02,30,23.07692308
GBR,Lizard,S. niger,TP,25,94,3,23,00:03:23,25,27.78325123
GBR,Lizard,S. niger,TP,28,51,3,32,00:03:32,28,14.43396226
GBR,Lizard,S. niger,TP,30,76,3,5,00:03:05,30,24.64864865
GBR,Lizard,S. niger,TP,23,84,3,16,00:03:16,23,25.71428571
GBR,Lizard,S. niger,TP,28,36,3,9,00:03:09,28,11.42857143
GBR,Lizard,S. niger,TP,25,23,3,0,00:03:00,25,7.666666667
GBR,Lizard,S. niger,TP,25,28,3,0,00:03:00,25,9.333333333
GBR,Lizard,S. niger,IP,15,37,3,0,00:03:00,15,12.33333333
GBR,Lizard,S. niger,IP,25,48,3,0,00:03:00,25,16
GBR,Lizard,S. niger,TP,25,72,3,1,00:03:01,25,23.86740331
GBR,Lizard,S. niger,TP,27,58,3,13,00:03:13,27,18.03108808
GBR,Lizard,S. niger,TP,29,88,3,34,00:03:34,29,24.6728972
GBR,Lizard,S. niger,TP,30,84,3,1,00:03:01,30,27.84530387
GBR,Lizard,S. niger,TP,23,58,3,20,00:03:20,23,17.4
GBR,Lizard,S. niger,TP,24,72,3,10,00:03:10,24,22.73684211
GBR,Lizard,S. niger,TP,26,64,2,40,00:02:40,26,24
GBR,Lizard,S. niger,TP,28,57,3,4,00:03:04,28,18.58695652
GBR,Lizard,S. niger,TP,25,64,3,9,00:03:09,25,20.31746032
GBR,Lizard,S. niger,TP,32,48,3,19,00:03:19,32,14.47236181
GBR,Lizard,S. niger,TP,27,70,3,5,00:03:05,27,22.7027027
GBR,Lizard,S. niger,TP,29,110,3,3,00:03:03,29,36.06557377
GBR,Lizard,S. niger,TP,23,78,3,7,00:03:07,23,25.02673797
GBR,Lizard,S. oviceps,IP,14,62,3,8,00:03:08,14,19.78723404
GBR,Lizard,S. oviceps,IP,16,68,3,14,00:03:14,16,21.03092784
GBR,Lizard,S. oviceps,TP,30,26,3,34,00:03:34,30,7.289719626
GBR,Lizard,S. oviceps,TP,19,46,3,4,00:03:04,19,15
GBR,Lizard,S. oviceps,IP,24,89,3,12,00:03:12,24,27.8125
GBR,Lizard,S. oviceps,IP,25,94,3,5,00:03:05,25,30.48648649
GBR,Lizard,S. oviceps,TP,21,53,3,6,00:03:06,21,17.09677419
GBR,Lizard,S. oviceps,IP,24,90,3,2,00:03:02,24,29.67032967
GBR,Lizard,S. oviceps,TP,29,73,3,1,00:03:01,29,24.19889503
GBR,Lizard,S. oviceps,IP,21,71,3,0,00:03:00,21,23.66666667
GBR,Lizard,S. oviceps,IP,24,90,3,7,00:03:07,24,28.87700535
GBR,Lizard,S. oviceps,TP,30,76,3,21,00:03:21,30,22.68656716
GBR,Lizard,S. oviceps,IP,25,99,3,7,00:03:07,25,31.76470588
GBR,Lizard,S. oviceps,TP,31,94,3,0,00:03:00,31,31.33333333
GBR,Lizard,S. oviceps,IP,23,101,3,4,00:03:04,23,32.93478261
GBR,Lizard,S. oviceps,TP,27,57,3,9,00:03:09,27,18.0952381
GBR,Lizard,S. oviceps,IP,23,94,3,1,00:03:01,23,31.16022099
GBR,Lizard,S. oviceps,IP,18,77,3,4,00:03:04,18,25.10869565
GBR,Lizard,S. oviceps,IP,20,73,3,7,00:03:07,20,23.42245989
GBR,Lizard,S. oviceps,IP,24,88,3,14,00:03:14,24,27.21649485
GBR,Lizard,S. oviceps,IP,20,91,3,3,00:03:03,20,29.83606557
GBR,Lizard,S. oviceps,TP,22,84,3,17,00:03:17,22,25.58375635
GBR,Lizard,S. oviceps,TP,26,37,3,0,00:03:00,26,12.33333333
GBR,Lizard,S. oviceps,IP,14,91,3,1,00:03:01,14,30.16574586
GBR,Lizard,S. oviceps,IP,26,82,3,6,00:03:06,26,26.4516129
GBR,Lizard,S. oviceps,TP,27,37,3,1,00:03:01,27,12.26519337
GBR,Lizard,S. oviceps,IP,26,77,3,0,00:03:00,26,25.66666667
GBR,Lizard,S. oviceps,IP,27,75,3,5,00:03:05,27,24.32432432
GBR,Lizard,S. oviceps,IP,23,81,3,5,00:03:05,23,26.27027027
GBR,Lizard,S. oviceps,TP,27,59,3,1,00:03:01,27,19.55801105
GBR,Lizard,S. oviceps,IP,26,57,3,0,00:03:00,26,19
GBR,Lizard,S. psittacus,IP,8,126,3,7,00:03:07,8,40.42780749
GBR,Lizard,S. psittacus,TP,23,113,3,8,00:03:08,23,36.06382979
GBR,Lizard,S. psittacus,TP,22,62,3,8,00:03:08,22,19.78723404
GBR,Lizard,S. psittacus,TP,24,45,3,8,00:03:08,24,14.36170213
GBR,Lizard,S. psittacus,TP,22,49,3,1,00:03:01,22,16.24309392
GBR,Lizard,S. psittacus,IP,15,79,3,3,00:03:03,15,25.90163934
GBR,Lizard,S. psittacus,IP,18,67,3,9,00:03:09,18,21.26984127
GBR,Lizard,S. psittacus,TP,25,55,3,12,00:03:12,25,17.1875
GBR,Lizard,S. psittacus,IP,13,127,3,11,00:03:11,13,39.89528796
GBR,Lizard,S. psittacus,IP,18,119,3,2,00:03:02,18,39.23076923
GBR,Lizard,S. psittacus,TP,22,94,3,2,00:03:02,22,30.98901099
GBR,Lizard,S. psittacus,IP,13,108,3,8,00:03:08,13,34.46808511
GBR,Lizard,S. psittacus,IP,18,89,3,0,00:03:00,18,29.66666667
GBR,Lizard,S. psittacus,TP,19,77,3,2,00:03:02,19,25.38461538
GBR,Lizard,S. psittacus,TP,24,56,3,1,00:03:01,24,18.56353591
GBR,Lizard,S. psittacus,TP,26,53,3,0,00:03:00,26,17.66666667
GBR,Lizard,S. psittacus,TP,23,58,3,0,00:03:00,23,19.33333333
GBR,Lizard,S. psittacus,TP,21,59,3,0,00:03:00,21,19.66666667
GBR,Lizard,S. psittacus,TP,22,71,3,0,00:03:00,22,23.66666667
GBR,Lizard,S. psittacus,TP,23,56,3,1,00:03:01,23,18.56353591
GBR,Lizard,S. psittacus,IP,14,64,3,3,00:03:03,14,20.98360656
GBR,Lizard,S. psittacus,TP,24,58,3,1,00:03:01,24,19.22651934
GBR,Lizard,S. psittacus,TP,21,79,3,9,00:03:09,21,25.07936508
GBR,Lizard,S. psittacus,TP,23,63,3,2,00:03:02,23,20.76923077
GBR,Lizard,S. psittacus,IP,4,162,3,7,00:03:07,4,51.97860963
GBR,Lizard,S. psittacus,IP,7,132,3,1,00:03:01,7,43.75690608
GBR,Lizard,S. psittacus,TP,22,51,3,3,00:03:03,22,16.72131148
GBR,Lizard,S. psittacus,IP,20,74,3,0,00:03:00,20,24.66666667
GBR,Lizard,S. psittacus,TP,21,58,3,5,00:03:05,21,18.81081081
GBR,Lizard,S. quoyi,TP,20,38,3,4,00:03:04,20,12.39130435
GBR,Lizard,S. quoyi,TP,25,118,3,10,00:03:10,25,37.26315789
GBR,Lizard,S. rivulatus,IP,22,123,3,17,00:03:17,22,37.46192893
GBR,Lizard,S. rivulatus,TP,22,116,3,3,00:03:03,22,38.03278689
GBR,Lizard,S. rivulatus,TP,24,48,3,6,00:03:06,24,15.48387097
GBR,Lizard,S. rivulatus,TP,23,79,3,3,00:03:03,23,25.90163934
GBR,Lizard,S. rivulatus,TP,32,100,3,8,00:03:08,32,31.91489362
GBR,Lizard,S. rivulatus,TP,30,119,3,0,00:03:00,30,39.66666667
GBR,Lizard,S. rivulatus,IP,13,163,3,3,00:03:03,13,53.44262295
GBR,Lizard,S. rivulatus,IP,17,91,3,0,00:03:00,17,30.33333333
GBR,Lizard,S. rivulatus,IP,24,59,3,1,00:03:01,24,19.55801105
GBR,Lizard,S. rivulatus,IP,23,98,3,13,00:03:13,23,30.46632124
GBR,Lizard,S. rivulatus,IP,11,67,3,4,00:03:04,11,21.84782609
GBR,Lizard,S. rivulatus,IP,25,41,3,11,00:03:11,25,12.87958115
GBR,Lizard,S. rivulatus,IP,25,41,3,1,00:03:01,25,13.59116022
GBR,Lizard,S. rivulatus,IP,27,84,3,0,00:03:00,27,28
GBR,Lizard,S. rivulatus,IP,23,71,3,21,00:03:21,23,21.19402985
GBR,Lizard,S. rivulatus,TP,27,42,3,10,00:03:10,27,13.26315789
GBR,Lizard,S. rivulatus,TP,28,25,3,9,00:03:09,28,7.936507937
GBR,Lizard,S. rivulatus,IP,22,68,3,11,00:03:11,22,21.36125654
GBR,Lizard,S. rivulatus,IP,25,65,3,28,00:03:28,25,18.75
GBR,Lizard,S. rivulatus,TP,30,41,3,5,00:03:05,30,13.2972973
GBR,Lizard,S. rivulatus,TP,24,38,3,2,00:03:02,24,12.52747253
GBR,Lizard,S. rivulatus,TP,32,49,3,4,00:03:04,32,15.97826087
GBR,Lizard,S. rivulatus,IP,21,51,3,3,00:03:03,21,16.72131148
GBR,Lizard,S. rivulatus,TP,33,51,3,1,00:03:01,33,16.90607735
GBR,Lizard,S. rivulatus,TP,37,67,3,7,00:03:07,37,21.4973262
GBR,Lizard,S. rivulatus,IP,26,32,2,58,00:02:58,26,10.78651685
GBR,Lizard,S. rivulatus,TP,34,61,3,0,00:03:00,34,20.33333333
GBR,Lizard,S. rivulatus,IP,27,37,3,2,00:03:02,27,12.1978022
GBR,Lizard,S. rivulatus,TP,32,64,3,8,00:03:08,32,20.42553191
GBR,Lizard,S. rivulatus,TP,28,38,3,2,00:03:02,28,12.52747253
GBR,Lizard,S. rivulatus,TP,29,89,3,1,00:03:01,29,29.50276243
GBR,Lizard,S. rivulatus,IP,19,52,3,6,00:03:06,19,16.77419355
GBR,Lizard,S. rivulatus,TP,27,47,3,11,00:03:11,27,14.76439791
GBR,Lizard,S. rivulatus,IP,22,58,3,7,00:03:07,22,18.60962567
GBR,Lizard,S. rivulatus,IP,23,51,3,8,00:03:08,23,16.27659574
GBR,Lizard,S. rivulatus,IP,23,84,3,3,00:03:03,23,27.54098361
GBR,Lizard,S. rivulatus,TP,32,34,2,52,00:02:52,32,11.86046512
GBR,Lizard,S. rivulatus,IP,30,78,3,11,00:03:11,30,24.5026178
GBR,Lizard,S. rivulatus,TP,30,32,3,0,00:03:00,30,10.66666667
GBR,Lizard,S. rivulatus,TP,32,75,3,15,00:03:15,32,23.07692308
GBR,Lizard,S. rivulatus,IP,19,91,3,2,00:03:02,19,30
GBR,Lizard,S. rivulatus,IP,21,82,3,18,00:03:18,21,24.84848485
GBR,Lizard,S. rivulatus,TP,26,46,3,1,00:03:01,26,15.24861878
GBR,Lizard,S. rivulatus,IP,22,82,3,8,00:03:08,22,26.17021277
GBR,Lizard,S. rivulatus,IP,19,62,3,11,00:03:11,19,19.47643979
GBR,Lizard,S. rivulatus,IP,18,101,3,8,00:03:08,18,32.23404255
GBR,Lizard,S. rubroviolaceus,IP,33,48,3,9,00:03:09,33,15.23809524
GBR,Lizard,S. rubroviolaceus,IP,31,63,3,41,00:03:41,31,17.1040724
GBR,Lizard,S. rubroviolaceus,IP,38,27,3,2,00:03:02,38,8.901098901
GBR,Lizard,S. rubroviolaceus,IP,30,58,3,5,00:03:05,30,18.81081081
GBR,Lizard,S. rubroviolaceus,IP,29,61,3,0,00:03:00,29,20.33333333
GBR,Lizard,S. rubroviolaceus,IP,37,26,3,1,00:03:01,37,8.61878453
GBR,Lizard,S. rubroviolaceus,TP,39,39,3,2,00:03:02,39,12.85714286
GBR,Lizard,S. rubroviolaceus,IP,24,46,3,1,00:03:01,24,15.24861878
GBR,Lizard,S. rubroviolaceus,IP,30,38,3,0,00:03:00,30,12.66666667
GBR,Lizard,S. rubroviolaceus,TP,48,17,3,0,00:03:00,48,5.666666667
GBR,Lizard,S. rubroviolaceus,IP,19,67,3,0,00:03:00,19,22.33333333
GBR,Lizard,S. rubroviolaceus,IP,26,44,3,7,00:03:07,26,14.11764706
GBR,Lizard,S. rubroviolaceus,IP,25,47,3,1,00:03:01,25,15.5801105
GBR,Lizard,S. rubroviolaceus,TP,44,23,3,4,00:03:04,44,7.5
GBR,Lizard,S. rubroviolaceus,IP,26,43,3,1,00:03:01,26,14.25414365
GBR,Lizard,S. rubroviolaceus,IP,23,55,3,8,00:03:08,23,17.55319149
GBR,Lizard,S. rubroviolaceus,IP,31,44,3,5,00:03:05,31,14.27027027
GBR,Lizard,S. rubroviolaceus,IP,24,57,3,1,00:03:01,24,18.89502762
GBR,Lizard,S. rubroviolaceus,TP,53,29,3,4,00:03:04,53,9.456521739
GBR,Lizard,S. rubroviolaceus,IP,23,61,3,18,00:03:18,23,18.48484848
GBR,Lizard,S. rubroviolaceus,TP,48,33,3,0,00:03:00,48,11
GBR,Lizard,S. rubroviolaceus,TP,44,26,3,1,00:03:01,44,8.61878453
GBR,Lizard,S. rubroviolaceus,IP,23,67,3,0,00:03:00,23,22.33333333
GBR,Lizard,S. rubroviolaceus,TP,54,20,3,4,00:03:04,54,6.52173913
GBR,Lizard,S. rubroviolaceus,IP,43,23,3,0,00:03:00,43,7.666666667
GBR,Lizard,S. rubroviolaceus,IP,34,25,3,7,00:03:07,34,8.021390374
GBR,Lizard,S. rubroviolaceus,IP,31,23,3,1,00:03:01,31,7.624309392
GBR,Lizard,S. rubroviolaceus,IP,24,38,3,3,00:03:03,24,12.45901639
GBR,Lizard,S. rubroviolaceus,IP,27,28,3,6,00:03:06,27,9.032258065
GBR,Lizard,S. rubroviolaceus,IP,18,57,3,3,00:03:03,18,18.68852459
GBR,Lizard,S. rubroviolaceus,IP,39,31,3,1,00:03:01,39,10.27624309
GBR,Lizard,S. rubroviolaceus,IP,13,74,3,0,00:03:00,13,24.66666667
GBR,Lizard,S. schlegeli,IP,17,62,3,9,00:03:09,17,19.68253968
GBR,Lizard,S. schlegeli,IP,20,77,3,15,00:03:15,20,23.69230769
GBR,Lizard,S. schlegeli,IP,12,53,2,29,00:02:29,12,21.34228188
GBR,Lizard,S. schlegeli,IP,17,48,3,10,00:03:10,17,15.15789474
GBR,Lizard,S. schlegeli,IP,15,60,2,44,00:02:44,15,21.95121951
GBR,Lizard,S. schlegeli,IP,11,86,3,13,00:03:13,11,26.7357513
GBR,Lizard,S. schlegeli,TP,25,66,3,1,00:03:01,25,21.87845304
GBR,Lizard,S. schlegeli,IP,16,66,2,56,00:02:56,16,22.5
GBR,Lizard,S. schlegeli,IP,17,111,3,0,00:03:00,17,37
GBR,Lizard,S. schlegeli,IP,14,59,2,28,00:02:28,14,23.91891892
GBR,Lizard,S. schlegeli,IP,13,52,2,26,00:02:26,13,21.36986301
GBR,Lizard,S. schlegeli,IP,18,97,3,4,00:03:04,18,31.63043478
GBR,Lizard,S. schlegeli,IP,16,62,3,3,00:03:03,16,20.32786885
GBR,Lizard,S. schlegeli,TP,30,63,3,3,00:03:03,30,20.6557377
GBR,Lizard,S. schlegeli,IP,12,83,2,15,00:02:15,12,36.88888889
GBR,Lizard,S. schlegeli,IP,20,58,2,59,00:02:59,20,19.44134078
GBR,Lizard,S. schlegeli,TP,35,53,3,2,00:03:02,35,17.47252747
GBR,Lizard,S. schlegeli,IP,22,58,2,45,00:02:45,22,21.09090909
GBR,Lizard,S. schlegeli,IP,16,44,3,31,00:03:31,16,12.51184834
GBR,Lizard,S. schlegeli,IP,28,4,1,42,00:01:42,28,2.352941176
GBR,Lizard,S. schlegeli,IP,22,48,3,2,00:03:02,22,15.82417582
GBR,Lizard,S. schlegeli,IP,25,78,3,3,00:03:03,25,25.57377049
GBR,Lizard,S. schlegeli,IP,18,126,3,8,00:03:08,18,40.21276596
GBR,Lizard,S. schlegeli,IP,22,64,3,14,00:03:14,22,19.79381443
GBR,Lizard,S. schlegeli,IP,25,122,3,10,00:03:10,25,38.52631579
GBR,Lizard,S. schlegeli,TP,30,23,1,21,00:01:21,30,17.03703704
GBR,Lizard,S. schlegeli,IP,18,71,3,28,00:03:28,18,20.48076923
GBR,Lizard,S. schlegeli,IP,18,93,3,6,00:03:06,18,30
GBR,Lizard,S. schlegeli,IP,19,114,3,56,00:03:56,19,28.98305085
GBR,Lizard,S. schlegeli,TP,30,45,3,1,00:03:01,30,14.91712707
GBR,Lizard,S. schlegeli,IP,20,58,3,2,00:03:02,20,19.12087912
GBR,Lizard,S. schlegeli,IP,15,86,3,21,00:03:21,15,25.67164179
GBR,Lizard,S. schlegeli,IP,27,83,3,0,00:03:00,27,27.66666667
GBR,Lizard,S. schlegeli,TP,21,49,3,4,00:03:04,21,15.97826087
GBR,Lizard,S. schlegeli,TP,31,78,3,1,00:03:01,31,25.85635359
GBR,Lizard,S. schlegeli,TP,36,39,3,0,00:03:00,36,13
GBR,Lizard,S. schlegeli,TP,31,41,3,6,00:03:06,31,13.22580645
GBR,Lizard,S. schlegeli,IP,28,78,3,2,00:03:02,28,25.71428571
GBR,Lizard,S. schlegeli,IP,18,54,3,4,00:03:04,18,17.60869565
GBR,Lizard,S. schlegeli,TP,32,63,3,2,00:03:02,32,20.76923077
GBR,Lizard,S. schlegeli,IP,15,35,3,5,00:03:05,15,11.35135135
GBR,Lizard,S. schlegeli,TP,34,78,3,4,00:03:04,34,25.43478261
GBR,Lizard,S. schlegeli,TP,24,63,3,12,00:03:12,24,19.6875
GBR,Lizard,S. schlegeli,TP,23,87,3,4,00:03:04,23,28.36956522
GBR,Lizard,S. schlegeli,TP,25,77,3,13,00:03:13,25,23.93782383
GBR,Lizard,S. spinus,TP,19,151,3,5,00:03:05,19,48.97297297
GBR,Lizard,S. spinus,TP,19,208,3,6,00:03:06,19,67.09677419
GBR,Lizard,S. spinus,TP,21,178,3,0,00:03:00,21,59.33333333
GBR,Lizard,S. spinus,IP,16,193,3,6,00:03:06,16,62.25806452
GBR,Lizard,S. spinus,TP,22,175,3,1,00:03:01,22,58.01104972
GBR,Lizard,S. spinus,TP,21,211,3,2,00:03:02,21,69.56043956
GBR,Lizard,S. spinus,TP,23,219,3,9,00:03:09,23,69.52380952
GBR,Lizard,S. spinus,TP,26,124,3,5,00:03:05,26,40.21621622
GBR,Lizard,S. spinus,IP,17,202,3,3,00:03:03,17,66.2295082
GBR,Lizard,S. spinus,IP,16,187,3,7,00:03:07,16,60
GBR,Lizard,S. spinus,IP,17,231,3,0,00:03:00,17,77
GBR,Lizard,S. spinus,TP,21,179,3,1,00:03:01,21,59.33701657
GBR,Lizard,S. spinus,TP,19,191,3,2,00:03:02,19,62.96703297
GBR,Lizard,S. spinus,TP,24,142,3,11,00:03:11,24,44.60732984
GBR,Lizard,S. spinus,TP,24,146,3,0,00:03:00,24,48.66666667
GBR,Lizard,S. spinus,TP,23,143,3,3,00:03:03,23,46.8852459
GBR,Lizard,S. spinus,TP,19,193,3,1,00:03:01,19,63.97790055
GBR,Lizard,S. spinus,TP,23,146,3,6,00:03:06,23,47.09677419
GBR,Lizard,S. spinus,TP,23,171,3,8,00:03:08,23,54.57446809
GBR,Lizard,S. spinus,IP,14,212,3,0,00:03:00,14,70.66666667
GBR,Lizard,S. spinus,IP,16,222,3,7,00:03:07,16,71.22994652
GBR,Lizard,S. spinus,TP,24,171,3,5,00:03:05,24,55.45945946
GBR,Lizard,S. spinus,TP,23,169,3,5,00:03:05,23,54.81081081
GBR,Lizard,S. spinus,TP,28,149,3,1,00:03:01,28,49.39226519
GBR,Lizard,S. spinus,TP,27,202,2,59,00:02:59,27,67.70949721
GBR,Lizard,S. spinus,TP,24,193,3,8,00:03:08,24,61.59574468
GBR,Lizard,S. spinus,TP,23,212,3,1,00:03:01,23,70.27624309
GBR,Lizard,S. spinus,TP,18,161,3,10,00:03:10,18,50.84210526
GBR,Lizard,S. spinus,TP,20,167,3,4,00:03:04,20,54.45652174
GBR,Lizard,S. spinus,TP,21,178,3,9,00:03:09,21,56.50793651