Genus,Species,,Location,,Date,TL (cm),Bite length (mm),Bite width (mm)
Calotomus ,carolinus,TP,North Reef,"Lizard, GBR",20/10/2014,32,0,0
Calotomus ,carolinus,TP,North Reef,"Lizard, GBR",20/10/2014,32,0,0
Calotomus ,carolinus,TP,North Reef,"Lizard, GBR",20/10/2014,32,0,0
Calotomus ,carolinus,TP,North Reef,"Lizard, GBR",20/10/2014,32,0,0
Cetoscarus,bicolor,IP,North Reef,"Lizard, GBR",21/10/2014,12,0,0
Cetoscarus,bicolor,IP,North Reef,"Lizard, GBR",20/10/2014,13,0,0
Cetoscarus,bicolor,IP,North Reef,"Lizard, GBR",20/10/2014,13,4.9,2
Cetoscarus,bicolor,IP,North Reef,"Lizard, GBR",20/10/2014,14,0,0
Cetoscarus,bicolor,IP,North Reef,"Lizard, GBR",20/10/2014,14,0,0
Cetoscarus,bicolor,IP,North Reef,"Lizard, GBR",20/10/2014,14,0,0
Cetoscarus,bicolor,IP,North Reef,"Lizard, GBR",20/10/2014,14,0,0
Cetoscarus,bicolor,IP,North Reef,"Lizard, GBR",20/10/2014,14,0,0
Cetoscarus,bicolor,IP,North Reef,"Lizard, GBR",20/10/2014,14,0,0
Cetoscarus,bicolor,IP,North Reef,"Lizard, GBR",20/10/2014,14,0,0
Cetoscarus,bicolor,IP,North Reef,"Lizard, GBR",21/10/2014,19,0,0
Cetoscarus,bicolor,IP,North Reef,"Lizard, GBR",21/10/2014,19,0,0
Cetoscarus,bicolor,IP,North Reef,"Lizard, GBR",21/10/2014,19,0,0
Cetoscarus,bicolor,IP,North Reef,"Lizard, GBR",21/10/2014,19,0,0
Cetoscarus,bicolor,IP,North Reef,"Lizard, GBR",21/10/2014,19,6.4,2.9
Cetoscarus,bicolor,IP,Big Vicki's,"Lizard, GBR",19/10/2014,22,0,0
Cetoscarus,bicolor,IP,Big Vicki's,"Lizard, GBR",19/10/2014,25,14.1,5.8
Cetoscarus,bicolor,IP,North Reef,"Lizard, GBR",20/10/2014,27,0,0
Cetoscarus,bicolor,IP,North Reef,"Lizard, GBR",20/10/2014,27,0,0
Cetoscarus,bicolor,IP,North Reef,"Lizard, GBR",20/10/2014,32,15.1,6.2
Cetoscarus,bicolor,IP,North Reef,"Lizard, GBR",20/10/2014,32,16.4,5.1
Cetoscarus,bicolor,IP,Big Vicki's,"Lizard, GBR",19/10/2014,35,0,0
Cetoscarus,bicolor,IP,Big Vicki's,"Lizard, GBR",19/10/2014,35,0,0
Cetoscarus,bicolor,IP,Big Vicki's,"Lizard, GBR",19/10/2014,35,0,0
Cetoscarus,bicolor,IP,Big Vicki's,"Lizard, GBR",19/10/2014,35,12.3,3.6
Cetoscarus,bicolor,IP,Big Vicki's,"Lizard, GBR",19/10/2014,35,15.7,5.7
Cetoscarus,bicolor,IP,North Reef,"Lizard, GBR",21/10/2014,38,19.6,8.7
Cetoscarus,bicolor,IP,North Reef,"Lizard, GBR",21/10/2014,40,0,0
Cetoscarus,bicolor,IP,North Reef,"Lizard, GBR",21/10/2014,40,12.9,4.8
Cetoscarus,bicolor,IP,North Reef,"Lizard, GBR",21/10/2014,45,0,0
Cetoscarus,bicolor,IP,North Reef,"Lizard, GBR",21/10/2014,45,32.3,9.5
Cetoscarus,bicolor,TP,North Reef,"Lizard, GBR",21/10/2014,40,0,0
Cetoscarus,bicolor,TP,North Reef,"Lizard, GBR",21/10/2014,40,0,0
Cetoscarus,bicolor,TP,North Reef,"Lizard, GBR",21/10/2014,50,31.7,7.5
Cetoscarus,bicolor,TP,North Reef,"Lizard, GBR",21/10/2014,50,38.9,6.5
Cetoscarus,bicolor,TP,North Reef,"Lizard, GBR",21/10/2014,55,27.4,14.8
Cetoscarus,bicolor,TP,North Reef,"Lizard, GBR",20/10/2014,56,12,10.6
Cetoscarus,bicolor,TP,North Reef,"Lizard, GBR",21/10/2014,60,27.8,13.3
Cetoscarus,bicolor,TP,North Reef,"Lizard, GBR",21/10/2014,60,31.6,13.4
Chlorurus,bleekeri,IP,Lagoon entrance (RHS),"Lizard, GBR",18/10/2014,17,0,0
Chlorurus,bleekeri,IP,Lagoon entrance (RHS),"Lizard, GBR",18/10/2014,17,0,0
Chlorurus,bleekeri,TP,North Reef,"Lizard, GBR",20/10/2014,26,11.9,6.2
Chlorurus,microrhinos,,Big Vicki's,"Lizard, GBR",19/10/2014,15,0,0
Chlorurus,microrhinos,,Big Vicki's,"Lizard, GBR",19/10/2014,15,0,0
Chlorurus,microrhinos,,Big Vicki's,"Lizard, GBR",19/10/2014,15,0,0
Chlorurus,microrhinos,,Big Vicki's,"Lizard, GBR",19/10/2014,15,3.7,1.6
Chlorurus,microrhinos,,Big Vicki's,"Lizard, GBR",19/10/2014,17,0,0
Chlorurus,microrhinos,,Big Vicki's,"Lizard, GBR",19/10/2014,17,0,0
Chlorurus,microrhinos,,Big Vicki's,"Lizard, GBR",19/10/2014,17,0,0
Chlorurus,microrhinos,,Big Vicki's,"Lizard, GBR",19/10/2014,17,0,0
Chlorurus,microrhinos,,Big Vicki's,"Lizard, GBR",19/10/2014,17,7,3
Chlorurus,microrhinos,,Big Vicki's,"Lizard, GBR",19/10/2014,20,0,0
Chlorurus,microrhinos,,Big Vicki's,"Lizard, GBR",19/10/2014,20,7.7,3.8
Chlorurus,microrhinos,,North Reef,"Lizard, GBR",20/10/2014,20,8.5,6
Chlorurus,microrhinos,,North Reef,"Lizard, GBR",20/10/2014,20,12.4,6.2
Chlorurus,microrhinos,,North Reef,"Lizard, GBR",21/10/2014,23,9.6,5.3
Chlorurus,microrhinos,,North Reef,"Lizard, GBR",21/10/2014,24,0,0
Chlorurus,microrhinos,,North Reef,"Lizard, GBR",21/10/2014,24,0,0
Chlorurus,microrhinos,,North Reef,"Lizard, GBR",20/10/2014,24,10.4,3.6
Chlorurus,microrhinos,,Big Vicki's,"Lizard, GBR",19/10/2014,24,13,6.3
Chlorurus,microrhinos,,Big Vicki's,"Lizard, GBR",19/10/2014,24,14.5,7
Chlorurus,microrhinos,,North Reef,"Lizard, GBR",21/10/2014,25,13.1,7.6
Chlorurus,microrhinos,,North Reef,"Lizard, GBR",20/10/2014,26,0,0
Chlorurus,microrhinos,,North Reef,"Lizard, GBR",20/10/2014,26,11.6,6
Chlorurus,microrhinos,,North Reef,"Lizard, GBR",21/10/2014,27,11.4,5.3
Chlorurus,microrhinos,,North Reef,"Lizard, GBR",21/10/2014,27,13.9,5.8
Chlorurus,microrhinos,,North Reef,"Lizard, GBR",21/10/2014,27,14.3,5.5
Chlorurus,microrhinos,,Big Vicki's,"Lizard, GBR",19/10/2014,28,4.3,4.3
Chlorurus,microrhinos,,Big Vicki's,"Lizard, GBR",19/10/2014,28,7,5.4
Chlorurus,microrhinos,,North Reef,"Lizard, GBR",21/10/2014,28,11.4,6.9
Chlorurus,microrhinos,,Big Vicki's,"Lizard, GBR",19/10/2014,30,11,3.4
Chlorurus,microrhinos,,Big Vicki's,"Lizard, GBR",19/10/2014,30,11.5,6.9
Chlorurus,microrhinos,,Big Vicki's,"Lizard, GBR",19/10/2014,30,11.6,8.5
Chlorurus,microrhinos,,Big Vicki's,"Lizard, GBR",19/10/2014,30,12.6,4
Chlorurus,microrhinos,,Big Vicki's,"Lizard, GBR",19/10/2014,30,19.1,7.4
Chlorurus,microrhinos,,Lagoon entrance (RHS),"Lizard, GBR",18/10/2014,32,12.3,6.1
Chlorurus,microrhinos,,Lagoon entrance (RHS),"Lizard, GBR",18/10/2014,32,13.6,6.5
Chlorurus,microrhinos,,North Reef,"Lizard, GBR",21/10/2014,32,22.8,4.9
Chlorurus,microrhinos,,North Reef,"Lizard, GBR",21/10/2014,32,24.1,5.6
Chlorurus,microrhinos,,Big Vicki's,"Lizard, GBR",19/10/2014,33,0,0
Chlorurus,microrhinos,,Big Vicki's,"Lizard, GBR",19/10/2014,33,0,0
Chlorurus,microrhinos,,Big Vicki's,"Lizard, GBR",19/10/2014,33,13.2,10
Chlorurus,microrhinos,,Big Vicki's,"Lizard, GBR",19/10/2014,33,14.5,7
Chlorurus,microrhinos,,Big Vicki's,"Lizard, GBR",19/10/2014,33,19.1,7.2
Chlorurus,microrhinos,,North Reef,"Lizard, GBR",20/10/2014,33,20.3,11.8
Chlorurus,microrhinos,,Big Vicki's,"Lizard, GBR",19/10/2014,34,18.3,5.1
Chlorurus,microrhinos,,Big Vicki's,"Lizard, GBR",19/10/2014,34,21.5,5.3
Chlorurus,microrhinos,,North Reef,"Lizard, GBR",20/10/2014,35,15.5,6.6
Chlorurus,microrhinos,,Big Vicki's,"Lizard, GBR",19/10/2014,35,15.8,12
Chlorurus,microrhinos,,North Reef,"Lizard, GBR",20/10/2014,35,16.6,8.9
Chlorurus,microrhinos,,North Reef,"Lizard, GBR",21/10/2014,35,19.6,8.1
Chlorurus,microrhinos,,North Reef,"Lizard, GBR",21/10/2014,35,20.9,6.2
Chlorurus,microrhinos,,North Reef,"Lizard, GBR",20/10/2014,35,24.4,7.7
Chlorurus,microrhinos,,Big Vicki's,"Lizard, GBR",19/10/2014,37,22,12.4
Chlorurus,microrhinos,,North Reef,"Lizard, GBR",21/10/2014,37,22,10.6
Chlorurus,microrhinos,,Big Vicki's,"Lizard, GBR",19/10/2014,37,23.8,10.2
Chlorurus,microrhinos,,North Reef,"Lizard, GBR",20/10/2014,38,17.8,8.1
Chlorurus,microrhinos,,North Reef,"Lizard, GBR",20/10/2014,38,17.9,9.7
Chlorurus,microrhinos,,Osprey,"Lizard, GBR",10/10/2014,40,27.6,6.6
Chlorurus,microrhinos,,Osprey,"Lizard, GBR",10/10/2014,40,29,6.4
Chlorurus,microrhinos,,North Reef,"Lizard, GBR",20/10/2014,43,20.7,11.1
Chlorurus,microrhinos,,North Reef,"Lizard, GBR",21/10/2014,44,20.4,10.3
Chlorurus,microrhinos,,North Reef,"Lizard, GBR",20/10/2014,46,16.9,13.1
Chlorurus,microrhinos,,North Reef,"Lizard, GBR",20/10/2014,46,24.7,12.6
Chlorurus,microrhinos,,North Reef,"Lizard, GBR",21/10/2014,47,20.3,8.6
Chlorurus,microrhinos,,North Reef,"Lizard, GBR",21/10/2014,48,21.5,11.7
Chlorurus,microrhinos,,North Reef,"Lizard, GBR",21/10/2014,48,23.8,13.5
Chlorurus,microrhinos,,North Reef,"Lizard, GBR",21/10/2014,48,24.7,7.5
Chlorurus,microrhinos,,North Reef,"Lizard, GBR",20/10/2014,50,21.5,14.6
Chlorurus,microrhinos,,North Reef,"Lizard, GBR",20/10/2014,50,24,11.2
Chlorurus,microrhinos,,North Reef,"Lizard, GBR",20/10/2014,54,27.9,14.9
Chlorurus,microrhinos,,North Reef,"Lizard, GBR",21/10/2014,55,16.8,9.7
Chlorurus,microrhinos,,North Reef,"Lizard, GBR",21/10/2014,55,21.5,10.7
Chlorurus,microrhinos,,North Reef,"Lizard, GBR",21/10/2014,55,23.4,8.9
Chlorurus,microrhinos,,North Reef,"Lizard, GBR",21/10/2014,60,26.6,14.2
Chlorurus,microrhinos,,North Reef,"Lizard, GBR",21/10/2014,60,44.2,14.1
Chlorurus,sordidus,IP,Osprey,"Lizard, GBR",10/10/2014,9,4.7,3
Chlorurus,sordidus,IP,Osprey,"Lizard, GBR",10/10/2014,10,0,0
Chlorurus,sordidus,IP,Osprey,"Lizard, GBR",10/10/2014,10,0,0
Chlorurus,sordidus,IP,Osprey,"Lizard, GBR",10/10/2014,10,0,0
Chlorurus,sordidus,IP,Osprey,"Lizard, GBR",10/10/2014,10,0,0
Chlorurus,sordidus,IP,Osprey,"Lizard, GBR",10/10/2014,10,0,0
Chlorurus,sordidus,IP,Osprey,"Lizard, GBR",10/10/2014,10,0,0
Chlorurus,sordidus,IP,Osprey,"Lizard, GBR",10/10/2014,10,0,0
Chlorurus,sordidus,IP,Lagoon entrance (RHS),"Lizard, GBR",18/10/2014,11,0,0
Chlorurus,sordidus,IP,Lagoon entrance (RHS),"Lizard, GBR",18/10/2014,11,0,0
Chlorurus,sordidus,IP,Big Vicki's,"Lizard, GBR",18/10/2014,11,0,0
Chlorurus,sordidus,IP,Big Vicki's,"Lizard, GBR",18/10/2014,11,0,0
Chlorurus,sordidus,IP,Big Vicki's,"Lizard, GBR",18/10/2014,11,0,0
Chlorurus,sordidus,IP,Big Vicki's,"Lizard, GBR",18/10/2014,11,0,0
Chlorurus,sordidus,IP,Big Vicki's,"Lizard, GBR",18/10/2014,11,0,0
Chlorurus,sordidus,IP,Osprey,"Lizard, GBR",10/10/2014,11,7,3.7
Chlorurus,sordidus,IP,Osprey,"Lizard, GBR",10/10/2014,12,0,0
Chlorurus,sordidus,IP,Osprey,"Lizard, GBR",10/10/2014,12,0,0
Chlorurus,sordidus,IP,Osprey,"Lizard, GBR",10/10/2014,12,0,0
Chlorurus,sordidus,IP,Osprey,"Lizard, GBR",10/10/2014,12,0,0
Chlorurus,sordidus,IP,Osprey,"Lizard, GBR",10/10/2014,12,0,0
Chlorurus,sordidus,IP,Big Vicki's,"Lizard, GBR",19/10/2014,12,0,0
Chlorurus,sordidus,IP,Big Vicki's,"Lizard, GBR",19/10/2014,12,6.8,3.5
Chlorurus,sordidus,IP,Back reef behind South,"Lizard, GBR",17/10/2014,12,8.8,3.4
Chlorurus,sordidus,IP,North Reef,"Lizard, GBR",21/10/2014,13,0,0
Chlorurus,sordidus,IP,North Reef,"Lizard, GBR",21/10/2014,13,0,0
Chlorurus,sordidus,IP,Big Vicki's,"Lizard, GBR",19/10/2014,13,7.3,3.8
Chlorurus,sordidus,IP,North Reef,"Lizard, GBR",21/10/2014,14,0,0
Chlorurus,sordidus,IP,North Reef,"Lizard, GBR",21/10/2014,14,0,0
Chlorurus,sordidus,IP,North Reef,"Lizard, GBR",21/10/2014,14,0,0
Chlorurus,sordidus,IP,North Reef,"Lizard, GBR",21/10/2014,14,0,0
Chlorurus,sordidus,IP,North Reef,"Lizard, GBR",21/10/2014,14,0,0
Chlorurus,sordidus,IP,North Reef,"Lizard, GBR",21/10/2014,14,0,0
Chlorurus,sordidus,IP,North Reef,"Lizard, GBR",21/10/2014,14,0,0
Chlorurus,sordidus,IP,North Reef,"Lizard, GBR",21/10/2014,14,0,0
Chlorurus,sordidus,IP,North Reef,"Lizard, GBR",21/10/2014,14,0,0
Chlorurus,sordidus,IP,North Reef,"Lizard, GBR",21/10/2014,14,0,0
Chlorurus,sordidus,IP,Back reef behind South,"Lizard, GBR",17/10/2014,14,4,1.8
Chlorurus,sordidus,IP,North Reef,"Lizard, GBR",21/10/2014,14,5.3,2
Chlorurus,sordidus,IP,Osprey,"Lizard, GBR",10/10/2014,15,0,0
Chlorurus,sordidus,IP,Osprey,"Lizard, GBR",10/10/2014,15,0,0
Chlorurus,sordidus,IP,North Reef,"Lizard, GBR",21/10/2014,15,0,0
Chlorurus,sordidus,IP,North Reef,"Lizard, GBR",21/10/2014,15,0,0
Chlorurus,sordidus,IP,North Reef,"Lizard, GBR",21/10/2014,15,0,0
Chlorurus,sordidus,IP,North Reef,"Lizard, GBR",21/10/2014,15,0,0
Chlorurus,sordidus,IP,North Reef,"Lizard, GBR",21/10/2014,15,0,0
Chlorurus,sordidus,IP,North Reef,"Lizard, GBR",21/10/2014,15,0,0
Chlorurus,sordidus,IP,Big Vicki's,"Lizard, GBR",19/10/2014,16,0,0
Chlorurus,sordidus,IP,Big Vicki's,"Lizard, GBR",19/10/2014,16,0,0
Chlorurus,sordidus,IP,Big Vicki's,"Lizard, GBR",19/10/2014,16,0,0
Chlorurus,sordidus,IP,Big Vicki's,"Lizard, GBR",19/10/2014,16,0,0
Chlorurus,sordidus,IP,Big Vicki's,"Lizard, GBR",19/10/2014,16,0,0
Chlorurus,sordidus,IP,Big Vicki's,"Lizard, GBR",19/10/2014,16,0,0
Chlorurus,sordidus,IP,Big Vicki's,"Lizard, GBR",19/10/2014,16,0,0
Chlorurus,sordidus,IP,Big Vicki's,"Lizard, GBR",19/10/2014,16,0,0
Chlorurus,sordidus,IP,North Reef,"Lizard, GBR",21/10/2014,16,0,0
Chlorurus,sordidus,IP,North Reef,"Lizard, GBR",21/10/2014,16,0,0
Chlorurus,sordidus,IP,North Reef,"Lizard, GBR",21/10/2014,16,0,0
Chlorurus,sordidus,IP,North Reef,"Lizard, GBR",21/10/2014,16,0,0
Chlorurus,sordidus,IP,North Reef,"Lizard, GBR",21/10/2014,16,0,0
Chlorurus,sordidus,IP,North Reef,"Lizard, GBR",21/10/2014,16,0,0
Chlorurus,sordidus,IP,North Reef,"Lizard, GBR",21/10/2014,16,0,0
Chlorurus,sordidus,IP,North Reef,"Lizard, GBR",21/10/2014,16,0,0
Chlorurus,sordidus,IP,North Reef,"Lizard, GBR",21/10/2014,16,0,0
Chlorurus,sordidus,IP,North Reef,"Lizard, GBR",21/10/2014,16,0,0
Chlorurus,sordidus,IP,North Reef,"Lizard, GBR",21/10/2014,16,0,0
Chlorurus,sordidus,IP,Back reef behind South,"Lizard, GBR",17/10/2014,17,0,0
Chlorurus,sordidus,IP,Back reef behind South,"Lizard, GBR",17/10/2014,17,8.1,1.9
Chlorurus,sordidus,IP,Osprey,"Lizard, GBR",10/10/2014,17,9.4,3.1
Chlorurus,sordidus,IP,Osprey,"Lizard, GBR",10/10/2014,18,0,0
Chlorurus,sordidus,IP,Osprey,"Lizard, GBR",10/10/2014,18,0,0
Chlorurus,sordidus,IP,Osprey,"Lizard, GBR",10/10/2014,18,0,0
Chlorurus,sordidus,IP,Osprey,"Lizard, GBR",10/10/2014,18,0,0
Chlorurus,sordidus,IP,Big Vicki's,"Lizard, GBR",19/10/2014,18,0,0
Chlorurus,sordidus,IP,Big Vicki's,"Lizard, GBR",19/10/2014,18,0,0
Chlorurus,sordidus,IP,Big Vicki's,"Lizard, GBR",19/10/2014,18,0,0
Chlorurus,sordidus,IP,North Reef,"Lizard, GBR",20/10/2014,18,0,0
Chlorurus,sordidus,IP,North Reef,"Lizard, GBR",20/10/2014,18,0,0
Chlorurus,sordidus,IP,North Reef,"Lizard, GBR",20/10/2014,18,0,0
Chlorurus,sordidus,IP,Back reef behind South,"Lizard, GBR",17/10/2014,20,7.9,2.9
Chlorurus,sordidus,IP,Big Vicki's,"Lizard, GBR",19/10/2014,22,9.6,4.5
Chlorurus,sordidus,IP,Big Vicki's,"Lizard, GBR",19/10/2014,22,10.8,6.8
Chlorurus,sordidus,IP,Back reef behind South,"Lizard, GBR",17/10/2014,29,0,0
Chlorurus,sordidus,IP,Back reef behind South,"Lizard, GBR",17/10/2014,29,0,0
Chlorurus,sordidus,IP,Back reef behind South,"Lizard, GBR",17/10/2014,29,7.3,4
Chlorurus,sordidus,TP,North Reef,"Lizard, GBR",21/10/2014,12,0,0
Chlorurus,sordidus,TP,North Reef,"Lizard, GBR",21/10/2014,12,0,0
Chlorurus,sordidus,TP,Big Vicki's,"Lizard, GBR",19/10/2014,13,0,0
Chlorurus,sordidus,TP,Big Vicki's,"Lizard, GBR",19/10/2014,13,0,0
Chlorurus,sordidus,TP,Big Vicki's,"Lizard, GBR",18/10/2014,13,5.3,2.9
Chlorurus,sordidus,TP,Big Vicki's,"Lizard, GBR",18/10/2014,17,0,0
Chlorurus,sordidus,TP,Big Vicki's,"Lizard, GBR",18/10/2014,17,6.2,2.6
Chlorurus,sordidus,TP,Big Vicki's,"Lizard, GBR",19/10/2014,17,9.2,4.8
Chlorurus,sordidus,TP,Big Vicki's,"Lizard, GBR",19/10/2014,17,9.5,4
Chlorurus,sordidus,TP,North Reef,"Lizard, GBR",21/10/2014,18,6.5,2
Chlorurus,sordidus,TP,North Reef,"Lizard, GBR",21/10/2014,18,6.5,2
Chlorurus,sordidus,TP,Big Vicki's,"Lizard, GBR",18/10/2014,18,8.8,3.6
Chlorurus,sordidus,TP,North Reef,"Lizard, GBR",21/10/2014,18,0,0
Chlorurus,sordidus,TP,North Reef,"Lizard, GBR",21/10/2014,18,0,0
Chlorurus,sordidus,TP,Big Vicki's,"Lizard, GBR",19/10/2014,19,12.1,3.7
Chlorurus,sordidus,TP,North Reef,"Lizard, GBR",21/10/2014,20,0,0
Chlorurus,sordidus,TP,North Reef,"Lizard, GBR",21/10/2014,20,0,0
Chlorurus,sordidus,TP,North Reef,"Lizard, GBR",21/10/2014,20,0,0
Chlorurus,sordidus,TP,North Reef,"Lizard, GBR",20/10/2014,20,8.8,3.9
Chlorurus,sordidus,TP,North Reef,"Lizard, GBR",20/10/2014,20,11,4.7
Chlorurus,sordidus,TP,North Reef,"Lizard, GBR",21/10/2014,20,12.6,3.8
Chlorurus,sordidus,TP,North Reef,"Lizard, GBR",21/10/2014,22,0,0
Chlorurus,sordidus,TP,North Reef,"Lizard, GBR",21/10/2014,22,7.5,3.9
Chlorurus,sordidus,TP,North Reef,"Lizard, GBR",21/10/2014,22,15.1,4.6
Chlorurus,sordidus,TP,North Reef,"Lizard, GBR",20/10/2014,23,0,0
Chlorurus,sordidus,TP,North Reef,"Lizard, GBR",20/10/2014,23,0,0
Chlorurus,sordidus,TP,North Reef,"Lizard, GBR",20/10/2014,23,0,0
Chlorurus,sordidus,TP,North Reef,"Lizard, GBR",20/10/2014,23,0,0
Chlorurus,sordidus,TP,North Reef,"Lizard, GBR",20/10/2014,23,0,0
Chlorurus,sordidus,TP,North Reef,"Lizard, GBR",21/10/2014,23,0,0
Chlorurus,sordidus,TP,North Reef,"Lizard, GBR",21/10/2014,23,9.8,3.9
Chlorurus,sordidus,TP,North Reef,"Lizard, GBR",20/10/2014,23,11.3,4.5
Chlorurus,sordidus,TP,North Reef,"Lizard, GBR",20/10/2014,23,12.2,4.8
Chlorurus,sordidus,TP,North Reef,"Lizard, GBR",20/10/2014,23,12.7,5.2
Chlorurus,sordidus,TP,North Reef,"Lizard, GBR",20/10/2014,23,14.1,4.5
Chlorurus,sordidus,TP,North Reef,"Lizard, GBR",21/10/2014,24,9.8,3.7
Chlorurus,sordidus,TP,North Reef,"Lizard, GBR",20/10/2014,25,9.1,5.7
Chlorurus,sordidus,TP,North Reef,"Lizard, GBR",20/10/2014,25,11.2,3.7
Chlorurus,sordidus,TP,North Reef,"Lizard, GBR",20/10/2014,27,12.5,7.3
Chlorurus,sordidus,TP,North Reef,"Lizard, GBR",20/10/2014,27,14.7,7.5
Scarus,altipinnus,IP,Big Vicki's,"Lizard, GBR",19/10/2014,12,0,0
Scarus,altipinnus,IP,Big Vicki's,"Lizard, GBR",19/10/2014,12,0,0
Scarus,altipinnus,IP,Big Vicki's,"Lizard, GBR",19/10/2014,12,0,0
Scarus,altipinnus,IP,Big Vicki's,"Lizard, GBR",19/10/2014,12,0,0
Scarus,altipinnus,IP,Big Vicki's,"Lizard, GBR",19/10/2014,12,0,0
Scarus,altipinnus,IP,Big Vicki's,"Lizard, GBR",19/10/2014,12,0,0
Scarus,altipinnus,IP,Big Vicki's,"Lizard, GBR",19/10/2014,12,0,0
Scarus,altipinnus,IP,Big Vicki's,"Lizard, GBR",19/10/2014,12,0,0
Scarus,altipinnus,IP,Big Vicki's,"Lizard, GBR",19/10/2014,12,0,0
Scarus,altipinnus,IP,Big Vicki's,"Lizard, GBR",19/10/2014,12,0,0
Scarus,altipinnus,IP,Big Vicki's,"Lizard, GBR",19/10/2014,12,0,0
Scarus,altipinnus,IP,Big Vicki's,"Lizard, GBR",19/10/2014,26,0,0
Scarus,altipinnus,IP,Big Vicki's,"Lizard, GBR",19/10/2014,26,0,0
Scarus,altipinnus,IP,Big Vicki's,"Lizard, GBR",19/10/2014,26,0,0
Scarus,altipinnus,IP,Big Vicki's,"Lizard, GBR",19/10/2014,26,0,0
Scarus,altipinnus,IP,Big Vicki's,"Lizard, GBR",19/10/2014,26,0,0
Scarus,altipinnus,IP,Big Vicki's,"Lizard, GBR",19/10/2014,26,0,0
Scarus,altipinnus,IP,Big Vicki's,"Lizard, GBR",19/10/2014,26,0,0
Scarus,altipinnus,IP,Big Vicki's,"Lizard, GBR",19/10/2014,26,0,0
Scarus,altipinnus,IP,Big Vicki's,"Lizard, GBR",19/10/2014,26,14.6,3.7
Scarus,altipinnus,IP,Big Vicki's,"Lizard, GBR",19/10/2014,29,0,0
Scarus,altipinnus,IP,Big Vicki's,"Lizard, GBR",19/10/2014,29,0,0
Scarus,altipinnus,IP,Big Vicki's,"Lizard, GBR",19/10/2014,29,0,0
Scarus,altipinnus,IP,Big Vicki's,"Lizard, GBR",19/10/2014,29,0,0
Scarus,altipinnus,IP,Big Vicki's,"Lizard, GBR",19/10/2014,29,0,0
Scarus,altipinnus,IP,North Reef,"Lizard, GBR",21/10/2014,35,0,0
Scarus,altipinnus,IP,North Reef,"Lizard, GBR",21/10/2014,35,0,0
Scarus,altipinnus,IP,North Reef,"Lizard, GBR",21/10/2014,35,0,0
Scarus,altipinnus,TP,Big Vicki's,"Lizard, GBR",19/10/2014,26,0,0
Scarus,altipinnus,TP,Big Vicki's,"Lizard, GBR",19/10/2014,26,0,0
Scarus,altipinnus,TP,Big Vicki's,"Lizard, GBR",19/10/2014,26,0,0
Scarus,altipinnus,TP,Big Vicki's,"Lizard, GBR",19/10/2014,26,0,0
Scarus,altipinnus,TP,Big Vicki's,"Lizard, GBR",19/10/2014,26,0,0
Scarus,altipinnus,TP,Big Vicki's,"Lizard, GBR",19/10/2014,26,0,0
Scarus,altipinnus,TP,Big Vicki's,"Lizard, GBR",19/10/2014,26,0,0
Scarus,altipinnus,TP,Big Vicki's,"Lizard, GBR",19/10/2014,26,0,0
Scarus,altipinnus,TP,Big Vicki's,"Lizard, GBR",19/10/2014,26,7.6,2.9
Scarus,altipinnus,TP,Big Vicki's,"Lizard, GBR",18/10/2014,29,0,0
Scarus,altipinnus,TP,Big Vicki's,"Lizard, GBR",18/10/2014,29,0,0
Scarus,altipinnus,TP,Big Vicki's,"Lizard, GBR",18/10/2014,29,0,0
Scarus,altipinnus,TP,Big Vicki's,"Lizard, GBR",18/10/2014,29,0,0
Scarus,altipinnus,TP,Big Vicki's,"Lizard, GBR",18/10/2014,29,0,0
Scarus,altipinnus,TP,Big Vicki's,"Lizard, GBR",18/10/2014,29,0,0
Scarus,altipinnus,TP,Big Vicki's,"Lizard, GBR",18/10/2014,29,0,0
Scarus,altipinnus,TP,Big Vicki's,"Lizard, GBR",19/10/2014,29,0,0
Scarus,altipinnus,TP,Big Vicki's,"Lizard, GBR",19/10/2014,29,0,0
Scarus,altipinnus,TP,Big Vicki's,"Lizard, GBR",19/10/2014,29,0,0
Scarus,altipinnus,TP,Big Vicki's,"Lizard, GBR",19/10/2014,29,13.9,3.9
Scarus,altipinnus,TP,North Reef,"Lizard, GBR",21/10/2014,32,12.3,4.6
Scarus,altipinnus,TP,North Reef,"Lizard, GBR",21/10/2014,32,14.8,5.1
Scarus,altipinnus,TP,Big Vicki's,"Lizard, GBR",19/10/2014,33,0,0
Scarus,altipinnus,TP,Big Vicki's,"Lizard, GBR",19/10/2014,33,0,0
Scarus,altipinnus,TP,Big Vicki's,"Lizard, GBR",19/10/2014,35,9.5,3
Scarus,altipinnus,TP,Big Vicki's,"Lizard, GBR",19/10/2014,35,19.9,3.6
Scarus,altipinnus,TP,Big Vicki's,"Lizard, GBR",19/10/2014,35,20.5,3.5
Scarus,chameleon,IP,North Reef,"Lizard, GBR",20/10/2014,13,0,0
Scarus,chameleon,IP,North Reef,"Lizard, GBR",20/10/2014,13,0,0
Scarus,chameleon,IP,North Reef,"Lizard, GBR",20/10/2014,13,0,0
Scarus,chameleon,IP,North Reef,"Lizard, GBR",20/10/2014,13,0,0
Scarus,chameleon,IP,North Reef,"Lizard, GBR",20/10/2014,13,0,0
Scarus,chameleon,IP,North Reef,"Lizard, GBR",20/10/2014,13,0,0
Scarus,chameleon,IP,North Reef,"Lizard, GBR",20/10/2014,13,0,0
Scarus,chameleon,IP,North Reef,"Lizard, GBR",20/10/2014,13,0,0
Scarus,chameleon,IP,North Reef,"Lizard, GBR",20/10/2014,13,0,0
Scarus,chameleon,IP,North Reef,"Lizard, GBR",20/10/2014,13,0,0
Scarus,chameleon,IP,North Reef,"Lizard, GBR",20/10/2014,13,0,0
Scarus,chameleon,IP,North Reef,"Lizard, GBR",20/10/2014,13,0,0
Scarus,chameleon,IP,North Reef,"Lizard, GBR",20/10/2014,13,0,0
Scarus,chameleon,IP,North Reef,"Lizard, GBR",20/10/2014,13,0,0
Scarus,chameleon,IP,North Reef,"Lizard, GBR",20/10/2014,13,0,0
Scarus,chameleon,IP,North Reef,"Lizard, GBR",20/10/2014,13,0,0
Scarus,chameleon,IP,North Reef,"Lizard, GBR",20/10/2014,13,0,0
Scarus,chameleon,IP,North Reef,"Lizard, GBR",20/10/2014,16,0,0
Scarus,chameleon,IP,North Reef,"Lizard, GBR",20/10/2014,16,0,0
Scarus,chameleon,IP,North Reef,"Lizard, GBR",20/10/2014,16,0,0
Scarus,chameleon,IP,North Reef,"Lizard, GBR",20/10/2014,16,0,0
Scarus,chameleon,IP,North Reef,"Lizard, GBR",20/10/2014,16,0,0
Scarus,chameleon,IP,North Reef,"Lizard, GBR",20/10/2014,19,0,0
Scarus,chameleon,IP,North Reef,"Lizard, GBR",20/10/2014,19,0,0
Scarus,chameleon,IP,North Reef,"Lizard, GBR",20/10/2014,19,0,0
Scarus,chameleon,IP,North Reef,"Lizard, GBR",20/10/2014,19,0,0
Scarus,chameleon,IP,North Reef,"Lizard, GBR",20/10/2014,19,0,0
Scarus,chameleon,IP,North Reef,"Lizard, GBR",20/10/2014,19,0,0
Scarus,chameleon,TP,Big Vicki's,"Lizard, GBR",19/10/2014,17,0,0
Scarus,chameleon,TP,Big Vicki's,"Lizard, GBR",19/10/2014,17,0,0
Scarus,chameleon,TP,Big Vicki's,"Lizard, GBR",19/10/2014,17,0,0
Scarus,chameleon,TP,Big Vicki's,"Lizard, GBR",19/10/2014,17,0,0
Scarus,chameleon,TP,North Reef,"Lizard, GBR",21/10/2014,20,0,0
Scarus,chameleon,TP,North Reef,"Lizard, GBR",21/10/2014,20,0,0
Scarus,chameleon,TP,North Reef,"Lizard, GBR",21/10/2014,21,0,0
Scarus,chameleon,TP,North Reef,"Lizard, GBR",21/10/2014,21,0,0
Scarus,chameleon,TP,North Reef,"Lizard, GBR",21/10/2014,21,0,0
Scarus,chameleon,TP,North Reef,"Lizard, GBR",21/10/2014,21,0,0
Scarus,chameleon,TP,North Reef,"Lizard, GBR",21/10/2014,21,0,0
Scarus,chameleon,TP,North Reef,"Lizard, GBR",21/10/2014,24,0,0
Scarus,chameleon,TP,North Reef,"Lizard, GBR",21/10/2014,24,0,0
Scarus,chameleon,TP,North Reef,"Lizard, GBR",21/10/2014,24,0,0
Scarus,chameleon,TP,North Reef,"Lizard, GBR",21/10/2014,24,0,0
Scarus,dimidiadus,IP,Lagoon entrance (RHS),"Lizard, GBR",18/10/2014,14,0,0
Scarus,dimidiadus,IP,Big Vicki's,"Lizard, GBR",19/10/2014,20,0,0
Scarus,dimidiadus,IP,Big Vicki's,"Lizard, GBR",19/10/2014,20,0,0
Scarus,dimidiadus,IP,Lagoon entrance (RHS),"Lizard, GBR",18/10/2014,21,0,0
Scarus,dimidiadus,IP,Lagoon entrance (RHS),"Lizard, GBR",18/10/2014,21,0,0
Scarus,dimidiadus,IP,Lagoon entrance (RHS),"Lizard, GBR",18/10/2014,21,0,0
Scarus,dimidiadus,IP,Lagoon entrance (RHS),"Lizard, GBR",18/10/2014,22,0,0
Scarus,dimidiadus,IP,Lagoon entrance (RHS),"Lizard, GBR",18/10/2014,22,0,0
Scarus,dimidiadus,IP,Lagoon entrance (RHS),"Lizard, GBR",18/10/2014,22,0,0
Scarus,dimidiadus,IP,Lagoon entrance (RHS),"Lizard, GBR",18/10/2014,22,0,0
Scarus,dimidiadus,IP,Lagoon entrance (RHS),"Lizard, GBR",18/10/2014,22,0,0
Scarus,dimidiadus,IP,Lagoon entrance (RHS),"Lizard, GBR",18/10/2014,22,0,0
Scarus,dimidiadus,IP,Lagoon entrance (RHS),"Lizard, GBR",18/10/2014,22,0,0
Scarus,dimidiadus,IP,Lagoon entrance (RHS),"Lizard, GBR",18/10/2014,22,0,0
Scarus,dimidiadus,IP,Lagoon entrance (RHS),"Lizard, GBR",18/10/2014,22,0,0
Scarus,dimidiadus,IP,Lagoon entrance (RHS),"Lizard, GBR",18/10/2014,22,0,0
Scarus,dimidiadus,IP,Lagoon entrance,"Lizard, GBR",17/10/2014,23,9,1.9
Scarus,dimidiadus,TP,Big Vicki's,"Lizard, GBR",18/10/2014,14,0,0
Scarus,dimidiadus,TP,Big Vicki's,"Lizard, GBR",18/10/2014,14,0,0
Scarus,dimidiadus,TP,Big Vicki's,"Lizard, GBR",18/10/2014,14,0,0
Scarus,dimidiadus,TP,Big Vicki's,"Lizard, GBR",18/10/2014,14,0,0
Scarus,dimidiadus,TP,Big Vicki's,"Lizard, GBR",18/10/2014,17,0,0
Scarus,dimidiadus,TP,Big Vicki's,"Lizard, GBR",18/10/2014,17,0,0
Scarus,dimidiadus,TP,Big Vicki's,"Lizard, GBR",18/10/2014,17,0,0
Scarus,dimidiadus,TP,Big Vicki's,"Lizard, GBR",18/10/2014,17,0,0
Scarus,dimidiadus,TP,Big Vicki's,"Lizard, GBR",18/10/2014,17,9.4,2
Scarus,dimidiadus,TP,Big Vicki's,"Lizard, GBR",18/10/2014,20,0,0
Scarus,dimidiadus,TP,Big Vicki's,"Lizard, GBR",18/10/2014,20,0,0
Scarus,dimidiadus,TP,Big Vicki's,"Lizard, GBR",19/10/2014,23,0,0
Scarus,dimidiadus,TP,Big Vicki's,"Lizard, GBR",19/10/2014,23,0,0
Scarus,dimidiadus,TP,Big Vicki's,"Lizard, GBR",19/10/2014,23,0,0
Scarus,dimidiadus,TP,Big Vicki's,"Lizard, GBR",19/10/2014,23,0,0
Scarus,dimidiadus,TP,Big Vicki's,"Lizard, GBR",19/10/2014,23,0,0
Scarus,dimidiadus,TP,Big Vicki's,"Lizard, GBR",19/10/2014,23,0,0
Scarus,dimidiadus,TP,Big Vicki's,"Lizard, GBR",19/10/2014,23,0,0
Scarus,dimidiadus,TP,Big Vicki's,"Lizard, GBR",19/10/2014,23,0,0
Scarus,dimidiadus,TP,Big Vicki's,"Lizard, GBR",19/10/2014,23,0,0
Scarus,dimidiadus,TP,Big Vicki's,"Lizard, GBR",19/10/2014,23,0,0
Scarus,dimidiadus,TP,Big Vicki's,"Lizard, GBR",19/10/2014,23,0,0
Scarus,dimidiadus,TP,Big Vicki's,"Lizard, GBR",19/10/2014,23,0,0
Scarus,dimidiadus,TP,Big Vicki's,"Lizard, GBR",19/10/2014,23,0,0
Scarus,flavipectoralis,IP,North Reef,"Lizard, GBR",20/10/2014,20,0,0
Scarus,flavipectoralis,IP,North Reef,"Lizard, GBR",20/10/2014,21,0,0
Scarus,flavipectoralis,IP,North Reef,"Lizard, GBR",20/10/2014,22,0,0
Scarus,flavipectoralis,IP,North Reef,"Lizard, GBR",20/10/2014,30,0,0
Scarus,flavipectoralis,IP,North Reef,"Lizard, GBR",20/10/2014,30,0,0
Scarus,flavipectoralis,IP,North Reef,"Lizard, GBR",20/10/2014,30,0,0
Scarus,flavipectoralis,IP,North Reef,"Lizard, GBR",20/10/2014,30,0,0
Scarus,flavipectoralis,IP,North Reef,"Lizard, GBR",20/10/2014,30,0,0
Scarus,flavipectoralis,TP,North Reef,"Lizard, GBR",20/10/2014,20,0,0
Scarus,flavipectoralis,TP,North Reef,"Lizard, GBR",20/10/2014,20,0,0
Scarus,flavipectoralis,TP,North Reef,"Lizard, GBR",20/10/2014,20,0,0
Scarus,flavipectoralis,TP,North Reef,"Lizard, GBR",20/10/2014,20,0,0
Scarus,flavipectoralis,TP,North Reef,"Lizard, GBR",20/10/2014,20,0,0
Scarus,flavipectoralis,TP,North Reef,"Lizard, GBR",20/10/2014,20,0,0
Scarus,flavipectoralis,TP,North Reef,"Lizard, GBR",20/10/2014,20,0,0
Scarus,flavipectoralis,TP,Lagoon entrance,"Lizard, GBR",17/10/2014,22,0,0
Scarus,flavipectoralis,TP,Lagoon entrance,"Lizard, GBR",17/10/2014,22,0,0
Scarus,flavipectoralis,TP,Lagoon entrance,"Lizard, GBR",17/10/2014,22,0,0
Scarus,flavipectoralis,TP,Lagoon entrance,"Lizard, GBR",17/10/2014,22,0,0
Scarus,flavipectoralis,TP,North Reef,"Lizard, GBR",20/10/2014,22,0,0
Scarus,flavipectoralis,TP,North Reef,"Lizard, GBR",20/10/2014,22,0,0
Scarus,flavipectoralis,TP,Lagoon entrance,"Lizard, GBR",17/10/2014,22,8.7,2.5
Scarus,forsteni,IP,North Reef,"Lizard, GBR",20/10/2014,23,0,0
Scarus,forsteni,IP,North Reef,"Lizard, GBR",20/10/2014,23,0,0
Scarus,forsteni,IP,North Reef,"Lizard, GBR",20/10/2014,23,0,0
Scarus,forsteni,IP,North Reef,"Lizard, GBR",20/10/2014,23,0,0
Scarus,forsteni,IP,North Reef,"Lizard, GBR",20/10/2014,25,0,0
Scarus,forsteni,IP,North Reef,"Lizard, GBR",20/10/2014,25,0,0
Scarus,forsteni,IP,North Reef,"Lizard, GBR",20/10/2014,25,0,0
Scarus,forsteni,IP,North Reef,"Lizard, GBR",20/10/2014,25,13.6,2
Scarus,forsteni,IP,North Reef,"Lizard, GBR",20/10/2014,29,13.9,3.1
Scarus,forsteni,IP,North Reef,"Lizard, GBR",21/10/2014,32,0,0
Scarus,forsteni,IP,North Reef,"Lizard, GBR",21/10/2014,32,0,0
Scarus,forsteni,IP,North Reef,"Lizard, GBR",21/10/2014,32,0,0
Scarus,forsteni,IP,North Reef,"Lizard, GBR",21/10/2014,32,0,0
Scarus,forsteni,IP,North Reef,"Lizard, GBR",21/10/2014,32,0,0
Scarus,forsteni,IP,North Reef,"Lizard, GBR",21/10/2014,32,0,0
Scarus,forsteni,IP,North Reef,"Lizard, GBR",21/10/2014,32,0,0
Scarus,forsteni,IP,North Reef,"Lizard, GBR",21/10/2014,32,0,0
Scarus,forsteni,IP,North Reef,"Lizard, GBR",21/10/2014,32,0,0
Scarus,forsteni,IP,North Reef,"Lizard, GBR",21/10/2014,32,0,0
Scarus,forsteni,IP,North Reef,"Lizard, GBR",21/10/2014,32,0,0
Scarus,forsteni,TP,North Reef,"Lizard, GBR",21/10/2014,23,0,0
Scarus,forsteni,TP,North Reef,"Lizard, GBR",21/10/2014,23,0,0
Scarus,forsteni,TP,North Reef,"Lizard, GBR",21/10/2014,23,0,0
Scarus,forsteni,TP,North Reef,"Lizard, GBR",21/10/2014,23,0,0
Scarus,forsteni,TP,North Reef,"Lizard, GBR",21/10/2014,23,0,0
Scarus,forsteni,TP,North Reef,"Lizard, GBR",21/10/2014,23,0,0
Scarus,forsteni,TP,North Reef,"Lizard, GBR",21/10/2014,23,0,0
Scarus,forsteni,TP,North Reef,"Lizard, GBR",21/10/2014,23,0,0
Scarus,forsteni,TP,North Reef,"Lizard, GBR",21/10/2014,27,0,0
Scarus,forsteni,TP,North Reef,"Lizard, GBR",21/10/2014,27,0,0
Scarus,forsteni,TP,North Reef,"Lizard, GBR",21/10/2014,27,0,0
Scarus,forsteni,TP,North Reef,"Lizard, GBR",21/10/2014,27,0,0
Scarus,forsteni,TP,North Reef,"Lizard, GBR",21/10/2014,27,0,0
Scarus,forsteni,TP,North Reef,"Lizard, GBR",21/10/2014,27,0,0
Scarus,forsteni,TP,North Reef,"Lizard, GBR",21/10/2014,27,0,0
Scarus,forsteni,TP,North Reef,"Lizard, GBR",21/10/2014,27,0,0
Scarus,forsteni,TP,North Reef,"Lizard, GBR",20/10/2014,32,16.5,3.4
Scarus,frenatus,IP,Big Vicki's,"Lizard, GBR",19/10/2014,12,0,0
Scarus,frenatus,IP,North Reef,"Lizard, GBR",20/10/2014,17,0,0
Scarus,frenatus,IP,North Reef,"Lizard, GBR",20/10/2014,17,0,0
Scarus,frenatus,IP,North Reef,"Lizard, GBR",21/10/2014,17,0,0
Scarus,frenatus,IP,North Reef,"Lizard, GBR",21/10/2014,17,0,0
Scarus,frenatus,IP,North Reef,"Lizard, GBR",21/10/2014,17,0,0
Scarus,frenatus,IP,North Reef,"Lizard, GBR",21/10/2014,17,0,0
Scarus,frenatus,IP,North Reef,"Lizard, GBR",21/10/2014,17,0,0
Scarus,frenatus,IP,North Reef,"Lizard, GBR",21/10/2014,17,0,0
Scarus,frenatus,IP,North Reef,"Lizard, GBR",21/10/2014,17,0,0
Scarus,frenatus,IP,North Reef,"Lizard, GBR",21/10/2014,17,9.6,2.3
Scarus,frenatus,IP,Lagoon entrance (RHS),"Lizard, GBR",18/10/2014,20,10.9,2.8
Scarus,frenatus,IP,Lagoon entrance (RHS),"Lizard, GBR",18/10/2014,20,14.6,2.9
Scarus,frenatus,IP,Lagoon entrance (RHS),"Lizard, GBR",18/10/2014,21,11.3,2.2
Scarus,frenatus,IP,Osprey,"Lizard, GBR",10/10/2014,22,0,0
Scarus,frenatus,IP,Osprey,"Lizard, GBR",10/10/2014,22,0,0
Scarus,frenatus,IP,Osprey,"Lizard, GBR",10/10/2014,22,0,0
Scarus,frenatus,IP,Lagoon entrance (RHS),"Lizard, GBR",18/10/2014,22,0,0
Scarus,frenatus,IP,Lagoon entrance (RHS),"Lizard, GBR",18/10/2014,22,0,0
Scarus,frenatus,IP,Lagoon entrance (RHS),"Lizard, GBR",18/10/2014,22,12.2,3.5
Scarus,frenatus,IP,Lagoon entrance (RHS),"Lizard, GBR",18/10/2014,23,10,3.6
Scarus,frenatus,IP,Osprey,"Lizard, GBR",10/10/2014,23,10.3,6
Scarus,frenatus,IP,Back reef behind South,"Lizard, GBR",17/10/2014,23,11,3.2
Scarus,frenatus,IP,Lagoon entrance (RHS),"Lizard, GBR",18/10/2014,23,11.1,2.9
Scarus,frenatus,IP,Big Vicki's,"Lizard, GBR",19/10/2014,23,12.2,3.1
Scarus,frenatus,IP,Lagoon entrance (RHS),"Lizard, GBR",18/10/2014,23,13.5,6.4
Scarus,frenatus,IP,North Reef,"Lizard, GBR",21/10/2014,24,0,0
Scarus,frenatus,IP,North Reef,"Lizard, GBR",21/10/2014,24,0,0
Scarus,frenatus,IP,North Reef,"Lizard, GBR",21/10/2014,24,0,0
Scarus,frenatus,IP,North Reef,"Lizard, GBR",21/10/2014,24,0,0
Scarus,frenatus,IP,Back reef behind South,"Lizard, GBR",17/10/2014,24,11,2
Scarus,frenatus,IP,North Reef,"Lizard, GBR",21/10/2014,24,15.3,2.5
Scarus,frenatus,IP,North Reef,"Lizard, GBR",21/10/2014,24,17,3
Scarus,frenatus,IP,North Reef,"Lizard, GBR",21/10/2014,24,19.1,3
Scarus,frenatus,IP,Lagoon entrance,"Lizard, GBR",17/10/2014,25,12.2,3
Scarus,frenatus,IP,Lagoon entrance,"Lizard, GBR",17/10/2014,25,13,2.9
Scarus,frenatus,IP,Lagoon entrance,"Lizard, GBR",17/10/2014,25,15.1,3.9
Scarus,frenatus,IP,Lagoon entrance,"Lizard, GBR",17/10/2014,26,9.7,4.7
Scarus,frenatus,IP,Big Vicki's,"Lizard, GBR",19/10/2014,26,14.3,2.4
Scarus,frenatus,IP,North Reef,"Lizard, GBR",21/10/2014,30,0,0
Scarus,frenatus,IP,North Reef,"Lizard, GBR",21/10/2014,30,0,0
Scarus,frenatus,IP,North Reef,"Lizard, GBR",21/10/2014,30,0,0
Scarus,frenatus,IP,North Reef,"Lizard, GBR",21/10/2014,30,0,0
Scarus,frenatus,IP,North Reef,"Lizard, GBR",21/10/2014,30,0,0
Scarus,frenatus,IP,North Reef,"Lizard, GBR",21/10/2014,30,0,0
Scarus,frenatus,IP,North Reef,"Lizard, GBR",21/10/2014,30,0,0
Scarus,frenatus,IP,North Reef,"Lizard, GBR",21/10/2014,30,0,0
Scarus,frenatus,IP,North Reef,"Lizard, GBR",21/10/2014,30,0,0
Scarus,frenatus,IP,North Reef,"Lizard, GBR",21/10/2014,30,0,0
Scarus,frenatus,IP,North Reef,"Lizard, GBR",21/10/2014,30,0,0
Scarus,frenatus,IP,North Reef,"Lizard, GBR",21/10/2014,30,7.3,2.6
Scarus,frenatus,IP,North Reef,"Lizard, GBR",21/10/2014,30,7.8,2.7
Scarus,frenatus,TP,Lagoon entrance,"Lizard, GBR",17/10/2014,20,8.2,2.9
Scarus,frenatus,TP,North Reef,"Lizard, GBR",20/10/2014,22,10.4,1.9
Scarus,frenatus,TP,Lagoon entrance,"Lizard, GBR",17/10/2014,22,12,2.9
Scarus,frenatus,TP,Big Vicki's,"Lizard, GBR",19/10/2014,24,0,0
Scarus,frenatus,TP,Big Vicki's,"Lizard, GBR",19/10/2014,24,0,0
Scarus,frenatus,TP,North Reef,"Lizard, GBR",20/10/2014,24,0,0
Scarus,frenatus,TP,North Reef,"Lizard, GBR",20/10/2014,24,0,0
Scarus,frenatus,TP,North Reef,"Lizard, GBR",20/10/2014,24,0,0
Scarus,frenatus,TP,North Reef,"Lizard, GBR",21/10/2014,24,0,0
Scarus,frenatus,TP,Big Vicki's,"Lizard, GBR",19/10/2014,24,12.9,2.3
Scarus,frenatus,TP,North Reef,"Lizard, GBR",21/10/2014,26,0,0
Scarus,frenatus,TP,North Reef,"Lizard, GBR",21/10/2014,26,0,0
Scarus,frenatus,TP,North Reef,"Lizard, GBR",21/10/2014,26,0,0
Scarus,frenatus,TP,North Reef,"Lizard, GBR",21/10/2014,26,0,0
Scarus,frenatus,TP,North Reef,"Lizard, GBR",21/10/2014,26,0,0
Scarus,frenatus,TP,North Reef,"Lizard, GBR",21/10/2014,26,0,0
Scarus,frenatus,TP,North Reef,"Lizard, GBR",21/10/2014,26,13.5,3.8
Scarus,frenatus,TP,North Reef,"Lizard, GBR",21/10/2014,26,15.8,3
Scarus,frenatus,TP,Lagoon entrance (RHS),"Lizard, GBR",18/10/2014,27,9.2,4.8
Scarus,frenatus,TP,North Reef,"Lizard, GBR",21/10/2014,27,12.5,3.6
Scarus,frenatus,TP,North Reef,"Lizard, GBR",20/10/2014,27,14.4,3
Scarus,frenatus,TP,North Reef,"Lizard, GBR",21/10/2014,27,16.6,2.4
Scarus,frenatus,TP,North Reef,"Lizard, GBR",21/10/2014,27,16.9,3
Scarus,frenatus,TP,North Reef,"Lizard, GBR",21/10/2014,27,18.4,3
Scarus,frenatus,TP,North Reef,"Lizard, GBR",21/10/2014,27,19.8,2
Scarus,frenatus,TP,North Reef,"Lizard, GBR",21/10/2014,27,20.8,3.9
Scarus,frenatus,TP,North Reef,"Lizard, GBR",21/10/2014,28,0,0
Scarus,frenatus,TP,North Reef,"Lizard, GBR",21/10/2014,28,0,0
Scarus,frenatus,TP,North Reef,"Lizard, GBR",21/10/2014,28,15.5,3.9
Scarus,frenatus,TP,Lagoon entrance,"Lizard, GBR",17/10/2014,30,12.5,3.7
Scarus,frenatus,TP,Lagoon entrance (RHS),"Lizard, GBR",18/10/2014,30,18.7,3.9
Scarus,frenatus,TP,Lagoon entrance (RHS),"Lizard, GBR",18/10/2014,30,19.6,4.8
Scarus,frenatus,TP,Lagoon entrance (RHS),"Lizard, GBR",18/10/2014,32,8.9,5
Scarus,frenatus,TP,Lagoon entrance (RHS),"Lizard, GBR",18/10/2014,32,11.4,4
Scarus,frenatus,TP,Lagoon entrance (RHS),"Lizard, GBR",18/10/2014,32,13.3,5.5
Scarus,frenatus,TP,Lagoon entrance (RHS),"Lizard, GBR",18/10/2014,32,13.6,5.5
Scarus,frenatus,TP,Lagoon entrance (RHS),"Lizard, GBR",18/10/2014,32,17.8,8.4
Scarus,frenatus,TP,Osprey,"Lizard, GBR",10/10/2014,33,9.2,7.1
Scarus,frenatus,TP,Osprey,"Lizard, GBR",10/10/2014,33,12.5,8.9
Scarus,frenatus,TP,Osprey,"Lizard, GBR",10/10/2014,33,19.7,8.8
Scarus,frenatus,TP,Lagoon entrance (RHS),"Lizard, GBR",18/10/2014,33,20.3,3.6
Scarus,frenatus,TP,Big Vicki's,"Lizard, GBR",19/10/2014,34,15.8,2.6
Scarus,frenatus,TP,Big Vicki's,"Lizard, GBR",19/10/2014,34,17.7,2.9
Scarus,ghobban,IP,North Reef,"Lizard, GBR",20/10/2014,22,0,0
Scarus,ghobban,IP,North Reef,"Lizard, GBR",20/10/2014,22,0,0
Scarus,ghobban,IP,Big Vicki's,"Lizard, GBR",19/10/2014,29,14.4,3.2
Scarus,ghobban,IP,Big Vicki's,"Lizard, GBR",19/10/2014,29,18.8,2.7
Scarus,globiceps,IP,North Reef,"Lizard, GBR",21/10/2014,16,0,0
Scarus,globiceps,IP,North Reef,"Lizard, GBR",21/10/2014,16,0,0
Scarus,globiceps,IP,North Reef,"Lizard, GBR",21/10/2014,16,0,0
Scarus,globiceps,IP,North Reef,"Lizard, GBR",21/10/2014,16,0,0
Scarus,globiceps,IP,North Reef,"Lizard, GBR",21/10/2014,16,0,0
Scarus,globiceps,IP,North Reef,"Lizard, GBR",21/10/2014,16,0,0
Scarus,globiceps,IP,North Reef,"Lizard, GBR",21/10/2014,16,0,0
Scarus,globiceps,IP,North Reef,"Lizard, GBR",21/10/2014,16,0,0
Scarus,globiceps,IP,North Reef,"Lizard, GBR",21/10/2014,16,0,0
Scarus,globiceps,IP,North Reef,"Lizard, GBR",21/10/2014,16,0,0
Scarus,globiceps,IP,North Reef,"Lizard, GBR",21/10/2014,16,0,0
Scarus,globiceps,IP,North Reef,"Lizard, GBR",21/10/2014,16,0,0
Scarus,globiceps,IP,North Reef,"Lizard, GBR",21/10/2014,16,0,0
Scarus,globiceps,IP,North Reef,"Lizard, GBR",21/10/2014,16,0,0
Scarus,globiceps,IP,North Reef,"Lizard, GBR",21/10/2014,16,0,0
Scarus,globiceps,IP,North Reef,"Lizard, GBR",21/10/2014,16,0,0
Scarus,globiceps,IP,North Reef,"Lizard, GBR",21/10/2014,16,0,0
Scarus,globiceps,IP,North Reef,"Lizard, GBR",21/10/2014,16,0,0
Scarus,globiceps,IP,North Reef,"Lizard, GBR",21/10/2014,16,0,0
Scarus,globiceps,IP,North Reef,"Lizard, GBR",21/10/2014,16,0,0
Scarus,globiceps,IP,North Reef,"Lizard, GBR",21/10/2014,16,0,0
Scarus,globiceps,IP,North Reef,"Lizard, GBR",21/10/2014,16,0,0
Scarus,globiceps,IP,North Reef,"Lizard, GBR",21/10/2014,16,0,0
Scarus,globiceps,IP,North Reef,"Lizard, GBR",21/10/2014,16,0,0
Scarus,globiceps,IP,North Reef,"Lizard, GBR",21/10/2014,16,0,0
Scarus,globiceps,IP,North Reef,"Lizard, GBR",21/10/2014,16,0,0
Scarus,globiceps,IP,North Reef,"Lizard, GBR",21/10/2014,16,0,0
Scarus,globiceps,IP,North Reef,"Lizard, GBR",21/10/2014,16,0,0
Scarus,globiceps,IP,North Reef,"Lizard, GBR",21/10/2014,16,0,0
Scarus,globiceps,IP,North Reef,"Lizard, GBR",21/10/2014,16,0,0
Scarus,globiceps,IP,North Reef,"Lizard, GBR",21/10/2014,16,0,0
Scarus,globiceps,IP,North Reef,"Lizard, GBR",21/10/2014,16,0,0
Scarus,globiceps,IP,North Reef,"Lizard, GBR",21/10/2014,16,0,0
Scarus,globiceps,IP,North Reef,"Lizard, GBR",21/10/2014,16,0,0
Scarus,globiceps,IP,North Reef,"Lizard, GBR",21/10/2014,16,0,0
Scarus,globiceps,IP,North Reef,"Lizard, GBR",21/10/2014,16,0,0
Scarus,globiceps,IP,North Reef,"Lizard, GBR",21/10/2014,16,0,0
Scarus,globiceps,IP,North Reef,"Lizard, GBR",21/10/2014,16,0,0
Scarus,globiceps,IP,North Reef,"Lizard, GBR",21/10/2014,16,0,0
Scarus,globiceps,IP,North Reef,"Lizard, GBR",21/10/2014,16,0,0
Scarus,globiceps,IP,Back reef behind South,"Lizard, GBR",17/10/2014,18,10,2.7
Scarus,globiceps,IP,Big Vicki's,"Lizard, GBR",19/10/2014,20,0,0
Scarus,globiceps,IP,Big Vicki's,"Lizard, GBR",19/10/2014,20,0,0
Scarus,globiceps,IP,Big Vicki's,"Lizard, GBR",19/10/2014,20,0,0
Scarus,globiceps,IP,Big Vicki's,"Lizard, GBR",19/10/2014,20,0,0
Scarus,globiceps,IP,Big Vicki's,"Lizard, GBR",19/10/2014,20,0,0
Scarus,globiceps,IP,Big Vicki's,"Lizard, GBR",19/10/2014,20,0,0
Scarus,globiceps,IP,Back reef behind South,"Lizard, GBR",17/10/2014,20,8,3.3
Scarus,globiceps,IP,Back reef behind South,"Lizard, GBR",17/10/2014,20,10,4
Scarus,globiceps,IP,Lagoon entrance (RHS),"Lizard, GBR",18/10/2014,22,0,0
Scarus,globiceps,TP,North Reef,"Lizard, GBR",21/10/2014,20,0,0
Scarus,globiceps,TP,North Reef,"Lizard, GBR",21/10/2014,20,0,0
Scarus,globiceps,TP,North Reef,"Lizard, GBR",21/10/2014,20,0,0
Scarus,globiceps,TP,North Reef,"Lizard, GBR",21/10/2014,20,0,0
Scarus,globiceps,TP,North Reef,"Lizard, GBR",21/10/2014,20,0,0
Scarus,globiceps,TP,North Reef,"Lizard, GBR",21/10/2014,20,0,0
Scarus,globiceps,TP,North Reef,"Lizard, GBR",21/10/2014,20,0,0
Scarus,globiceps,TP,North Reef,"Lizard, GBR",21/10/2014,20,0,0
Scarus,globiceps,TP,North Reef,"Lizard, GBR",21/10/2014,20,0,0
Scarus,globiceps,TP,North Reef,"Lizard, GBR",21/10/2014,20,0,0
Scarus,globiceps,TP,North Reef,"Lizard, GBR",21/10/2014,20,0,0
Scarus,globiceps,TP,North Reef,"Lizard, GBR",21/10/2014,20,0,0
Scarus,globiceps,TP,North Reef,"Lizard, GBR",21/10/2014,20,0,0
Scarus,globiceps,TP,North Reef,"Lizard, GBR",21/10/2014,20,0,0
Scarus,globiceps,TP,North Reef,"Lizard, GBR",21/10/2014,20,0,0
Scarus,globiceps,TP,North Reef,"Lizard, GBR",21/10/2014,20,0,0
Scarus,globiceps,TP,North Reef,"Lizard, GBR",21/10/2014,20,0,0
Scarus,globiceps,TP,North Reef,"Lizard, GBR",21/10/2014,20,0,0
Scarus,globiceps,TP,North Reef,"Lizard, GBR",21/10/2014,20,0,0
Scarus,globiceps,TP,Big Vicki's,"Lizard, GBR",19/10/2014,22,0,0
Scarus,globiceps,TP,Big Vicki's,"Lizard, GBR",19/10/2014,22,0,0
Scarus,globiceps,TP,Big Vicki's,"Lizard, GBR",19/10/2014,22,0,0
Scarus,globiceps,TP,Big Vicki's,"Lizard, GBR",19/10/2014,22,0,0
Scarus,globiceps,TP,Big Vicki's,"Lizard, GBR",19/10/2014,22,0,0
Scarus,globiceps,TP,Big Vicki's,"Lizard, GBR",19/10/2014,22,0,0
Scarus,globiceps,TP,Big Vicki's,"Lizard, GBR",19/10/2014,22,0,0
Scarus,globiceps,TP,Big Vicki's,"Lizard, GBR",19/10/2014,22,0,0
Scarus,globiceps,TP,Big Vicki's,"Lizard, GBR",19/10/2014,22,0,0
Scarus,globiceps,TP,Big Vicki's,"Lizard, GBR",19/10/2014,22,0,0
Scarus,globiceps,TP,Big Vicki's,"Lizard, GBR",19/10/2014,22,0,0
Scarus,globiceps,TP,Big Vicki's,"Lizard, GBR",19/10/2014,22,0,0
Scarus,globiceps,TP,Big Vicki's,"Lizard, GBR",19/10/2014,22,0,0
Scarus,globiceps,TP,North Reef,"Lizard, GBR",21/10/2014,23,0,0
Scarus,globiceps,TP,North Reef,"Lizard, GBR",21/10/2014,23,0,0
Scarus,globiceps,TP,North Reef,"Lizard, GBR",21/10/2014,23,0,0
Scarus,globiceps,TP,North Reef,"Lizard, GBR",21/10/2014,23,0,0
Scarus,globiceps,TP,North Reef,"Lizard, GBR",21/10/2014,23,0,0
Scarus,globiceps,TP,North Reef,"Lizard, GBR",21/10/2014,23,0,0
Scarus,globiceps,TP,North Reef,"Lizard, GBR",21/10/2014,23,0,0
Scarus,globiceps,TP,North Reef,"Lizard, GBR",21/10/2014,23,0,0
Scarus,globiceps,TP,North Reef,"Lizard, GBR",21/10/2014,23,0,0
Scarus,globiceps,TP,North Reef,"Lizard, GBR",21/10/2014,23,0,0
Scarus,globiceps,TP,North Reef,"Lizard, GBR",21/10/2014,23,0,0
Scarus,globiceps,TP,North Reef,"Lizard, GBR",21/10/2014,23,0,0
Scarus,globiceps,TP,North Reef,"Lizard, GBR",21/10/2014,23,0,0
Scarus,globiceps,TP,North Reef,"Lizard, GBR",21/10/2014,23,0,0
Scarus,globiceps,TP,North Reef,"Lizard, GBR",21/10/2014,23,0,0
Scarus,globiceps,TP,North Reef,"Lizard, GBR",21/10/2014,23,0,0
Scarus,globiceps,TP,North Reef,"Lizard, GBR",21/10/2014,23,0,0
Scarus,globiceps,TP,North Reef,"Lizard, GBR",21/10/2014,23,0,0
Scarus,globiceps,TP,North Reef,"Lizard, GBR",21/10/2014,23,0,0
Scarus,globiceps,TP,North Reef,"Lizard, GBR",21/10/2014,23,0,0
Scarus,globiceps,TP,North Reef,"Lizard, GBR",21/10/2014,23,0,0
Scarus,globiceps,TP,North Reef,"Lizard, GBR",21/10/2014,25,0,0
Scarus,globiceps,TP,North Reef,"Lizard, GBR",21/10/2014,25,0,0
Scarus,globiceps,TP,North Reef,"Lizard, GBR",21/10/2014,25,0,0
Scarus,globiceps,TP,North Reef,"Lizard, GBR",21/10/2014,25,0,0
Scarus,globiceps,TP,North Reef,"Lizard, GBR",21/10/2014,25,0,0
Scarus,globiceps,TP,North Reef,"Lizard, GBR",21/10/2014,25,0,0
Scarus,globiceps,TP,North Reef,"Lizard, GBR",21/10/2014,25,0,0
Scarus,globiceps,TP,North Reef,"Lizard, GBR",21/10/2014,25,0,0
Scarus,globiceps,TP,North Reef,"Lizard, GBR",21/10/2014,25,0,0
Scarus,globiceps,TP,North Reef,"Lizard, GBR",21/10/2014,25,0,0
Scarus,niger,,North Reef,"Lizard, GBR",20/10/2014,10,0,0
Scarus,niger,,North Reef,"Lizard, GBR",20/10/2014,10,0,0
Scarus,niger,,North Reef,"Lizard, GBR",20/10/2014,10,0,0
Scarus,niger,,Lagoon entrance (RHS),"Lizard, GBR",18/10/2014,12,0,0
Scarus,niger,,Lagoon entrance (RHS),"Lizard, GBR",18/10/2014,12,0,0
Scarus,niger,,Lagoon entrance (RHS),"Lizard, GBR",18/10/2014,12,0,0
Scarus,niger,,Lagoon entrance (RHS),"Lizard, GBR",18/10/2014,12,0,0
Scarus,niger,,Lagoon entrance (RHS),"Lizard, GBR",18/10/2014,12,0,0
Scarus,niger,,Big Vicki's,"Lizard, GBR",19/10/2014,12,0,0
Scarus,niger,,Big Vicki's,"Lizard, GBR",19/10/2014,12,0,0
Scarus,niger,,Big Vicki's,"Lizard, GBR",19/10/2014,12,0,0
Scarus,niger,,Big Vicki's,"Lizard, GBR",19/10/2014,12,0,0
Scarus,niger,,Big Vicki's,"Lizard, GBR",19/10/2014,12,0,0
Scarus,niger,,Big Vicki's,"Lizard, GBR",19/10/2014,12,0,0
Scarus,niger,,North Reef,"Lizard, GBR",21/10/2014,16,0,0
Scarus,niger,,North Reef,"Lizard, GBR",21/10/2014,16,0,0
Scarus,niger,,North Reef,"Lizard, GBR",21/10/2014,16,0,0
Scarus,niger,,North Reef,"Lizard, GBR",21/10/2014,16,8.7,2
Scarus,niger,,Big Vicki's,"Lizard, GBR",19/10/2014,17,0,0
Scarus,niger,,Big Vicki's,"Lizard, GBR",19/10/2014,17,0,0
Scarus,niger,,Big Vicki's,"Lizard, GBR",19/10/2014,17,0,0
Scarus,niger,,Big Vicki's,"Lizard, GBR",19/10/2014,17,6.5,2.7
Scarus,niger,,Lagoon entrance,"Lizard, GBR",17/10/2014,18,0,0
Scarus,niger,,Lagoon entrance,"Lizard, GBR",17/10/2014,18,0,0
Scarus,niger,,Lagoon entrance,"Lizard, GBR",17/10/2014,18,0,0
Scarus,niger,,Lagoon entrance,"Lizard, GBR",17/10/2014,18,0,0
Scarus,niger,,Lagoon entrance,"Lizard, GBR",17/10/2014,18,0,0
Scarus,niger,,Big Vicki's,"Lizard, GBR",19/10/2014,18,0,0
Scarus,niger,,Big Vicki's,"Lizard, GBR",19/10/2014,18,0,0
Scarus,niger,,Big Vicki's,"Lizard, GBR",19/10/2014,19,10.5,3.5
Scarus,niger,,North Reef,"Lizard, GBR",21/10/2014,21,0,0
Scarus,niger,,North Reef,"Lizard, GBR",21/10/2014,21,0,0
Scarus,niger,,North Reef,"Lizard, GBR",21/10/2014,21,0,0
Scarus,niger,,Lagoon entrance (RHS),"Lizard, GBR",18/10/2014,22,10.2,4.8
Scarus,niger,,North Reef,"Lizard, GBR",21/10/2014,22,0,0
Scarus,niger,,North Reef,"Lizard, GBR",21/10/2014,22,0,0
Scarus,niger,,North Reef,"Lizard, GBR",21/10/2014,22,0,0
Scarus,niger,,North Reef,"Lizard, GBR",21/10/2014,22,6,2.8
Scarus,niger,,Lagoon entrance,"Lizard, GBR",17/10/2014,23,0,0
Scarus,niger,,Lagoon entrance,"Lizard, GBR",17/10/2014,23,0,0
Scarus,niger,,Lagoon entrance,"Lizard, GBR",17/10/2014,23,0,0
Scarus,niger,,Lagoon entrance,"Lizard, GBR",17/10/2014,23,0,0
Scarus,niger,,Lagoon entrance,"Lizard, GBR",17/10/2014,23,0,0
Scarus,niger,,Lagoon entrance,"Lizard, GBR",17/10/2014,23,0,0
Scarus,niger,,Lagoon entrance,"Lizard, GBR",17/10/2014,23,0,0
Scarus,niger,,Lagoon entrance,"Lizard, GBR",17/10/2014,23,0,0
Scarus,niger,,Lagoon entrance,"Lizard, GBR",17/10/2014,23,0,0
Scarus,niger,,Lagoon entrance,"Lizard, GBR",17/10/2014,23,0,0
Scarus,niger,,Lagoon entrance,"Lizard, GBR",17/10/2014,23,0,0
Scarus,niger,,North Reef,"Lizard, GBR",20/10/2014,23,0,0
Scarus,niger,,North Reef,"Lizard, GBR",20/10/2014,23,0,0
Scarus,niger,,North Reef,"Lizard, GBR",20/10/2014,23,0,0
Scarus,niger,,North Reef,"Lizard, GBR",21/10/2014,23,0,0
Scarus,niger,,North Reef,"Lizard, GBR",21/10/2014,23,0,0
Scarus,niger,,North Reef,"Lizard, GBR",21/10/2014,23,0,0
Scarus,niger,,North Reef,"Lizard, GBR",21/10/2014,23,0,0
Scarus,niger,,North Reef,"Lizard, GBR",21/10/2014,23,0,0
Scarus,niger,,North Reef,"Lizard, GBR",21/10/2014,23,0,0
Scarus,niger,,North Reef,"Lizard, GBR",21/10/2014,23,0,0
Scarus,niger,,North Reef,"Lizard, GBR",21/10/2014,23,0,0
Scarus,niger,,North Reef,"Lizard, GBR",21/10/2014,23,0,0
Scarus,niger,,North Reef,"Lizard, GBR",21/10/2014,23,0,0
Scarus,niger,,North Reef,"Lizard, GBR",20/10/2014,23,8.8,2.5
Scarus,niger,,Big Vicki's,"Lizard, GBR",19/10/2014,24,0,0
Scarus,niger,,Big Vicki's,"Lizard, GBR",19/10/2014,24,0,0
Scarus,niger,,Big Vicki's,"Lizard, GBR",19/10/2014,24,0,0
Scarus,niger,,Big Vicki's,"Lizard, GBR",19/10/2014,24,0,0
Scarus,niger,,Big Vicki's,"Lizard, GBR",19/10/2014,24,0,0
Scarus,niger,,Big Vicki's,"Lizard, GBR",19/10/2014,24,0,0
Scarus,niger,,Big Vicki's,"Lizard, GBR",19/10/2014,24,0,0
Scarus,niger,,Big Vicki's,"Lizard, GBR",19/10/2014,24,9.2,3.7
Scarus,niger,,Big Vicki's,"Lizard, GBR",19/10/2014,24,11.1,1.4
Scarus,niger,,Big Vicki's,"Lizard, GBR",19/10/2014,24,0,0
Scarus,niger,,Big Vicki's,"Lizard, GBR",19/10/2014,24,0,0
Scarus,niger,,Big Vicki's,"Lizard, GBR",19/10/2014,24,0,0
Scarus,niger,,Big Vicki's,"Lizard, GBR",19/10/2014,24,0,0
Scarus,niger,,Big Vicki's,"Lizard, GBR",19/10/2014,24,0,0
Scarus,niger,,North Reef,"Lizard, GBR",20/10/2014,24,0,0
Scarus,niger,,North Reef,"Lizard, GBR",20/10/2014,24,0,0
Scarus,niger,,North Reef,"Lizard, GBR",20/10/2014,24,0,0
Scarus,niger,,North Reef,"Lizard, GBR",20/10/2014,24,0,0
Scarus,niger,,North Reef,"Lizard, GBR",20/10/2014,24,0,0
Scarus,niger,,North Reef,"Lizard, GBR",20/10/2014,24,0,0
Scarus,niger,,North Reef,"Lizard, GBR",20/10/2014,24,0,0
Scarus,niger,,North Reef,"Lizard, GBR",20/10/2014,24,0,0
Scarus,niger,,North Reef,"Lizard, GBR",20/10/2014,24,0,0
Scarus,niger,,North Reef,"Lizard, GBR",20/10/2014,24,0,0
Scarus,niger,,North Reef,"Lizard, GBR",20/10/2014,24,0,0
Scarus,niger,,North Reef,"Lizard, GBR",20/10/2014,24,0,0
Scarus,niger,,North Reef,"Lizard, GBR",20/10/2014,24,0,0
Scarus,niger,,North Reef,"Lizard, GBR",20/10/2014,24,0,0
Scarus,niger,,Big Vicki's,"Lizard, GBR",19/10/2014,24,12.3,2.8
Scarus,niger,,Lagoon entrance (RHS),"Lizard, GBR",18/10/2014,25,0,0
Scarus,niger,,Lagoon entrance (RHS),"Lizard, GBR",18/10/2014,25,0,0
Scarus,niger,,Lagoon entrance (RHS),"Lizard, GBR",18/10/2014,25,0,0
Scarus,niger,,North Reef,"Lizard, GBR",20/10/2014,25,0,0
Scarus,niger,,North Reef,"Lizard, GBR",20/10/2014,25,0,0
Scarus,niger,,North Reef,"Lizard, GBR",20/10/2014,25,0,0
Scarus,niger,,Big Vicki's,"Lizard, GBR",18/10/2014,26,12.5,3.5
Scarus,niger,,Big Vicki's,"Lizard, GBR",18/10/2014,26,14.1,2.9
Scarus,niger,,Big Vicki's,"Lizard, GBR",19/10/2014,27,0,0
Scarus,niger,,Big Vicki's,"Lizard, GBR",19/10/2014,27,0,0
Scarus,niger,,Big Vicki's,"Lizard, GBR",19/10/2014,27,9.2,4.1
Scarus,niger,,Big Vicki's,"Lizard, GBR",19/10/2014,27,17.5,2.6
Scarus,niger,,Lagoon entrance,"Lizard, GBR",17/10/2014,28,0,0
Scarus,niger,,Lagoon entrance,"Lizard, GBR",17/10/2014,28,0,0
Scarus,niger,,Lagoon entrance,"Lizard, GBR",17/10/2014,28,0,0
Scarus,niger,,Lagoon entrance,"Lizard, GBR",17/10/2014,28,0,0
Scarus,niger,,Lagoon entrance,"Lizard, GBR",17/10/2014,28,0,0
Scarus,niger,,Lagoon entrance,"Lizard, GBR",17/10/2014,28,0,0
Scarus,niger,,Big Vicki's,"Lizard, GBR",18/10/2014,28,0,0
Scarus,niger,,Big Vicki's,"Lizard, GBR",18/10/2014,28,0,0
Scarus,niger,,Big Vicki's,"Lizard, GBR",18/10/2014,28,0,0
Scarus,niger,,Big Vicki's,"Lizard, GBR",18/10/2014,28,0,0
Scarus,niger,,Big Vicki's,"Lizard, GBR",18/10/2014,28,0,0
Scarus,niger,,Big Vicki's,"Lizard, GBR",18/10/2014,28,0,0
Scarus,niger,,Big Vicki's,"Lizard, GBR",19/10/2014,28,0,0
Scarus,niger,,Big Vicki's,"Lizard, GBR",19/10/2014,28,0,0
Scarus,niger,,Big Vicki's,"Lizard, GBR",19/10/2014,28,0,0
Scarus,niger,,Lagoon entrance,"Lizard, GBR",17/10/2014,28,12,2
Scarus,niger,,Big Vicki's,"Lizard, GBR",18/10/2014,28,13.7,4.8
Scarus,niger,,Big Vicki's,"Lizard, GBR",19/10/2014,28,13.7,3
Scarus,niger,,Big Vicki's,"Lizard, GBR",19/10/2014,28,14.8,2.9
Scarus,niger,,Big Vicki's,"Lizard, GBR",19/10/2014,28,15.3,3
Scarus,niger,,North Reef,"Lizard, GBR",21/10/2014,28,0,0
Scarus,niger,,North Reef,"Lizard, GBR",21/10/2014,28,0,0
Scarus,niger,,North Reef,"Lizard, GBR",21/10/2014,28,0,0
Scarus,niger,,North Reef,"Lizard, GBR",21/10/2014,28,0,0
Scarus,niger,,North Reef,"Lizard, GBR",21/10/2014,28,0,0
Scarus,niger,,North Reef,"Lizard, GBR",21/10/2014,28,0,0
Scarus,niger,,North Reef,"Lizard, GBR",21/10/2014,28,15.4,1.9
Scarus,niger,,North Reef,"Lizard, GBR",20/10/2014,30,18.1,3.9
Scarus,oviceps,IP,Lagoon entrance (RHS),"Lizard, GBR",18/10/2014,15,0,0
Scarus,oviceps,IP,Lagoon entrance (RHS),"Lizard, GBR",18/10/2014,17,0,0
Scarus,oviceps,IP,Lagoon entrance (RHS),"Lizard, GBR",18/10/2014,17,0,0
Scarus,oviceps,IP,Lagoon entrance (RHS),"Lizard, GBR",18/10/2014,17,0,0
Scarus,oviceps,IP,Back reef behind South,"Lizard, GBR",17/10/2014,17,6.9,2.9
Scarus,oviceps,IP,Back reef behind South,"Lizard, GBR",17/10/2014,17,7.4,3
Scarus,oviceps,IP,Back reef behind South,"Lizard, GBR",17/10/2014,17,7.8,2.9
Scarus,oviceps,IP,Back reef behind South,"Lizard, GBR",17/10/2014,17,8,3
Scarus,oviceps,IP,North Reef,"Lizard, GBR",21/10/2014,20,0,0
Scarus,oviceps,IP,North Reef,"Lizard, GBR",21/10/2014,20,0,0
Scarus,oviceps,IP,North Reef,"Lizard, GBR",21/10/2014,20,0,0
Scarus,oviceps,IP,North Reef,"Lizard, GBR",21/10/2014,20,0,0
Scarus,oviceps,IP,North Reef,"Lizard, GBR",21/10/2014,20,0,0
Scarus,oviceps,IP,Big Vicki's,"Lizard, GBR",18/10/2014,21,0,0
Scarus,oviceps,IP,Big Vicki's,"Lizard, GBR",18/10/2014,21,0,0
Scarus,oviceps,IP,Big Vicki's,"Lizard, GBR",18/10/2014,21,0,0
Scarus,oviceps,IP,Big Vicki's,"Lizard, GBR",18/10/2014,21,0,0
Scarus,oviceps,IP,Big Vicki's,"Lizard, GBR",18/10/2014,21,9.2,3.8
Scarus,oviceps,IP,Lagoon entrance (RHS),"Lizard, GBR",18/10/2014,22,0,0
Scarus,oviceps,IP,Lagoon entrance (RHS),"Lizard, GBR",18/10/2014,22,0,0
Scarus,oviceps,IP,Lagoon entrance (RHS),"Lizard, GBR",18/10/2014,22,0,0
Scarus,oviceps,IP,Lagoon entrance (RHS),"Lizard, GBR",18/10/2014,22,0,0
Scarus,oviceps,IP,Lagoon entrance (RHS),"Lizard, GBR",18/10/2014,22,0,0
Scarus,oviceps,IP,Lagoon entrance (RHS),"Lizard, GBR",18/10/2014,22,0,0
Scarus,oviceps,IP,Lagoon entrance (RHS),"Lizard, GBR",18/10/2014,22,0,0
Scarus,oviceps,IP,Lagoon entrance (RHS),"Lizard, GBR",18/10/2014,22,0,0
Scarus,oviceps,IP,Lagoon entrance (RHS),"Lizard, GBR",18/10/2014,22,0,0
Scarus,oviceps,IP,Lagoon entrance (RHS),"Lizard, GBR",18/10/2014,22,0,0
Scarus,oviceps,IP,North Reef,"Lizard, GBR",21/10/2014,22,0,0
Scarus,oviceps,IP,North Reef,"Lizard, GBR",21/10/2014,22,0,0
Scarus,oviceps,IP,North Reef,"Lizard, GBR",20/10/2014,22,10.6,2.6
Scarus,oviceps,IP,North Reef,"Lizard, GBR",21/10/2014,22,12,2.6
Scarus,oviceps,IP,Back reef behind South,"Lizard, GBR",17/10/2014,22,13.9,2.9
Scarus,oviceps,IP,Big Vicki's,"Lizard, GBR",19/10/2014,23,0,0
Scarus,oviceps,IP,Big Vicki's,"Lizard, GBR",19/10/2014,23,0,0
Scarus,oviceps,IP,Osprey,"Lizard, GBR",10/10/2014,23,9.2,4.4
Scarus,oviceps,IP,Big Vicki's,"Lizard, GBR",19/10/2014,23,13.4,1.9
Scarus,oviceps,IP,Lagoon entrance (RHS),"Lizard, GBR",18/10/2014,24,0,0
Scarus,oviceps,IP,Lagoon entrance (RHS),"Lizard, GBR",18/10/2014,24,0,0
Scarus,oviceps,IP,Lagoon entrance (RHS),"Lizard, GBR",18/10/2014,24,0,0
Scarus,oviceps,IP,Lagoon entrance (RHS),"Lizard, GBR",18/10/2014,24,0,0
Scarus,oviceps,IP,Lagoon entrance (RHS),"Lizard, GBR",18/10/2014,24,0,0
Scarus,oviceps,IP,Lagoon entrance (RHS),"Lizard, GBR",18/10/2014,24,0,0
Scarus,oviceps,IP,Lagoon entrance (RHS),"Lizard, GBR",18/10/2014,24,0,0
Scarus,oviceps,IP,Lagoon entrance (RHS),"Lizard, GBR",18/10/2014,24,0,0
Scarus,oviceps,IP,Lagoon entrance (RHS),"Lizard, GBR",18/10/2014,24,0,0
Scarus,oviceps,IP,Lagoon entrance (RHS),"Lizard, GBR",18/10/2014,24,0,0
Scarus,oviceps,IP,Lagoon entrance (RHS),"Lizard, GBR",18/10/2014,24,0,0
Scarus,oviceps,IP,Lagoon entrance (RHS),"Lizard, GBR",18/10/2014,24,0,0
Scarus,oviceps,IP,Lagoon entrance (RHS),"Lizard, GBR",18/10/2014,24,0,0
Scarus,oviceps,IP,North Reef,"Lizard, GBR",21/10/2014,24,0,0
Scarus,oviceps,IP,North Reef,"Lizard, GBR",21/10/2014,24,0,0
Scarus,oviceps,IP,North Reef,"Lizard, GBR",21/10/2014,24,0,0
Scarus,oviceps,IP,North Reef,"Lizard, GBR",21/10/2014,24,0,0
Scarus,oviceps,IP,North Reef,"Lizard, GBR",21/10/2014,24,13.9,2.8
Scarus,oviceps,TP,Big Vicki's,"Lizard, GBR",18/10/2014,21,0,0
Scarus,oviceps,TP,Big Vicki's,"Lizard, GBR",18/10/2014,21,0,0
Scarus,oviceps,TP,Big Vicki's,"Lizard, GBR",18/10/2014,21,0,0
Scarus,oviceps,TP,Big Vicki's,"Lizard, GBR",18/10/2014,21,0,0
Scarus,oviceps,TP,Big Vicki's,"Lizard, GBR",18/10/2014,21,0,0
Scarus,oviceps,TP,Big Vicki's,"Lizard, GBR",18/10/2014,21,0,0
Scarus,oviceps,TP,Big Vicki's,"Lizard, GBR",18/10/2014,21,0,0
Scarus,oviceps,TP,Big Vicki's,"Lizard, GBR",18/10/2014,21,0,0
Scarus,oviceps,TP,Big Vicki's,"Lizard, GBR",18/10/2014,21,0,0
Scarus,oviceps,TP,Big Vicki's,"Lizard, GBR",18/10/2014,21,0,0
Scarus,oviceps,TP,Big Vicki's,"Lizard, GBR",18/10/2014,21,0,0
Scarus,oviceps,TP,Big Vicki's,"Lizard, GBR",18/10/2014,21,7.8,3
Scarus,oviceps,TP,Big Vicki's,"Lizard, GBR",19/10/2014,23,0,0
Scarus,oviceps,TP,Big Vicki's,"Lizard, GBR",19/10/2014,23,0,0
Scarus,oviceps,TP,North Reef,"Lizard, GBR",21/10/2014,23,0,0
Scarus,oviceps,TP,North Reef,"Lizard, GBR",21/10/2014,23,0,0
Scarus,oviceps,TP,North Reef,"Lizard, GBR",21/10/2014,23,0,0
Scarus,oviceps,TP,North Reef,"Lizard, GBR",21/10/2014,23,0,0
Scarus,oviceps,TP,North Reef,"Lizard, GBR",21/10/2014,23,0,0
Scarus,oviceps,TP,North Reef,"Lizard, GBR",21/10/2014,23,0,0
Scarus,oviceps,TP,North Reef,"Lizard, GBR",21/10/2014,23,0,0
Scarus,oviceps,TP,North Reef,"Lizard, GBR",21/10/2014,23,0,0
Scarus,oviceps,TP,Big Vicki's,"Lizard, GBR",19/10/2014,24,0,0
Scarus,oviceps,TP,Big Vicki's,"Lizard, GBR",19/10/2014,24,0,0
Scarus,oviceps,TP,Big Vicki's,"Lizard, GBR",19/10/2014,24,0,0
Scarus,oviceps,TP,Big Vicki's,"Lizard, GBR",19/10/2014,24,0,0
Scarus,oviceps,TP,Big Vicki's,"Lizard, GBR",19/10/2014,24,0,0
Scarus,oviceps,TP,Big Vicki's,"Lizard, GBR",19/10/2014,24,0,0
Scarus,oviceps,TP,Big Vicki's,"Lizard, GBR",19/10/2014,24,0,0
Scarus,oviceps,TP,Big Vicki's,"Lizard, GBR",19/10/2014,24,0,0
Scarus,oviceps,TP,North Reef,"Lizard, GBR",20/10/2014,24,0,0
Scarus,oviceps,TP,North Reef,"Lizard, GBR",20/10/2014,24,0,0
Scarus,oviceps,TP,North Reef,"Lizard, GBR",20/10/2014,24,0,0
Scarus,oviceps,TP,North Reef,"Lizard, GBR",20/10/2014,24,0,0
Scarus,oviceps,TP,North Reef,"Lizard, GBR",20/10/2014,24,0,0
Scarus,oviceps,TP,North Reef,"Lizard, GBR",20/10/2014,24,0,0
Scarus,oviceps,TP,North Reef,"Lizard, GBR",20/10/2014,24,0,0
Scarus,oviceps,TP,North Reef,"Lizard, GBR",20/10/2014,24,0,0
Scarus,oviceps,TP,North Reef,"Lizard, GBR",20/10/2014,24,0,0
Scarus,oviceps,TP,North Reef,"Lizard, GBR",20/10/2014,24,0,0
Scarus,oviceps,TP,North Reef,"Lizard, GBR",20/10/2014,24,0,0
Scarus,oviceps,TP,North Reef,"Lizard, GBR",20/10/2014,24,0,0
Scarus,oviceps,TP,Big Vicki's,"Lizard, GBR",19/10/2014,25,0,0
Scarus,oviceps,TP,Big Vicki's,"Lizard, GBR",19/10/2014,25,0,0
Scarus,oviceps,TP,Big Vicki's,"Lizard, GBR",19/10/2014,25,9.6,2.5
Scarus,oviceps,TP,North Reef,"Lizard, GBR",20/10/2014,26,0,0
Scarus,oviceps,TP,North Reef,"Lizard, GBR",20/10/2014,26,0,0
Scarus,oviceps,TP,North Reef,"Lizard, GBR",20/10/2014,26,0,0
Scarus,oviceps,TP,North Reef,"Lizard, GBR",20/10/2014,26,0,0
Scarus,oviceps,TP,North Reef,"Lizard, GBR",20/10/2014,26,0,0
Scarus,oviceps,TP,Osprey,"Lizard, GBR",10/10/2014,30,10.9,6.4
Scarus,oviceps,TP,North Reef,"Lizard, GBR",21/10/2014,30,14.6,3.8
Scarus,oviceps,TP,North Reef,"Lizard, GBR",21/10/2014,30,17.5,3.2
Scarus,oviceps,TP,Big Vicki's,"Lizard, GBR",19/10/2014,31,19.8,2.3
Scarus,oviceps,TP,Big Vicki's,"Lizard, GBR",19/10/2014,31,20.4,2.6
Scarus,oviceps,TP,Osprey,"Lizard, GBR",10/10/2014,35,17.2,8.3
Scarus,psittacus,TP,Big Vicki's,"Lizard, GBR",19/10/2014,15,0,0
Scarus,psittacus,TP,Big Vicki's,"Lizard, GBR",19/10/2014,15,0,0
Scarus,psittacus,TP,North Reef,"Lizard, GBR",21/10/2014,25,0,0
Scarus,psittacus,TP,North Reef,"Lizard, GBR",21/10/2014,25,0,0
Scarus,psittacus,TP,North Reef,"Lizard, GBR",21/10/2014,25,0,0
Scarus,psittacus,TP,North Reef,"Lizard, GBR",21/10/2014,25,0,0
Scarus,psittacus,TP,North Reef,"Lizard, GBR",21/10/2014,25,0,0
Scarus,psittacus,TP,North Reef,"Lizard, GBR",21/10/2014,25,0,0
Scarus,rivulatus,IP,North Reef,"Lizard, GBR",20/10/2014,18,12.2,2.4
Scarus,rubroviolaceus,IP,North Reef,"Lizard, GBR",20/10/2014,14,0,0
Scarus,rubroviolaceus,IP,North Reef,"Lizard, GBR",20/10/2014,14,0,0
Scarus,rubroviolaceus,IP,North Reef,"Lizard, GBR",20/10/2014,14,0,0
Scarus,rubroviolaceus,IP,North Reef,"Lizard, GBR",20/10/2014,14,0,0
Scarus,rubroviolaceus,IP,North Reef,"Lizard, GBR",20/10/2014,14,0,0
Scarus,rubroviolaceus,IP,North Reef,"Lizard, GBR",20/10/2014,14,0,0
Scarus,rubroviolaceus,IP,North Reef,"Lizard, GBR",20/10/2014,20,0,0
Scarus,rubroviolaceus,IP,North Reef,"Lizard, GBR",20/10/2014,25,0,0
Scarus,rubroviolaceus,IP,North Reef,"Lizard, GBR",20/10/2014,25,0,0
Scarus,rubroviolaceus,IP,North Reef,"Lizard, GBR",20/10/2014,25,0,0
Scarus,rubroviolaceus,IP,North Reef,"Lizard, GBR",20/10/2014,25,0,0
Scarus,rubroviolaceus,IP,North Reef,"Lizard, GBR",20/10/2014,25,0,0
Scarus,rubroviolaceus,IP,North Reef,"Lizard, GBR",20/10/2014,25,0,0
Scarus,rubroviolaceus,IP,North Reef,"Lizard, GBR",20/10/2014,25,0,0
Scarus,rubroviolaceus,IP,North Reef,"Lizard, GBR",21/10/2014,25,0,0
Scarus,rubroviolaceus,IP,North Reef,"Lizard, GBR",21/10/2014,26,0,0
Scarus,rubroviolaceus,IP,North Reef,"Lizard, GBR",21/10/2014,26,9.2,3.6
Scarus,rubroviolaceus,IP,North Reef,"Lizard, GBR",20/10/2014,26,14.6,5.4
Scarus,rubroviolaceus,IP,North Reef,"Lizard, GBR",20/10/2014,26,15.3,5
Scarus,rubroviolaceus,IP,North Reef,"Lizard, GBR",21/10/2014,28,0,0
Scarus,rubroviolaceus,IP,North Reef,"Lizard, GBR",21/10/2014,28,0,0
Scarus,rubroviolaceus,IP,North Reef,"Lizard, GBR",21/10/2014,28,0,0
Scarus,rubroviolaceus,IP,North Reef,"Lizard, GBR",21/10/2014,28,0,0
Scarus,rubroviolaceus,IP,North Reef,"Lizard, GBR",21/10/2014,28,0,0
Scarus,rubroviolaceus,IP,North Reef,"Lizard, GBR",20/10/2014,29,15.3,5.4
Scarus,rubroviolaceus,IP,North Reef,"Lizard, GBR",21/10/2014,29,15.6,2.3
Scarus,rubroviolaceus,IP,North Reef,"Lizard, GBR",20/10/2014,29,17.2,4.7
Scarus,rubroviolaceus,IP,North Reef,"Lizard, GBR",20/10/2014,31,13.3,3.5
Scarus,rubroviolaceus,IP,North Reef,"Lizard, GBR",20/10/2014,34,19.4,7
Scarus,rubroviolaceus,IP,North Reef,"Lizard, GBR",21/10/2014,35,15.3,4.9
Scarus,rubroviolaceus,IP,North Reef,"Lizard, GBR",21/10/2014,35,18.2,5
Scarus,rubroviolaceus,IP,North Reef,"Lizard, GBR",20/10/2014,38,26.4,7.9
Scarus,rubroviolaceus,IP,North Reef,"Lizard, GBR",21/10/2014,39,31.6,7
Scarus,rubroviolaceus,IP,North Reef,"Lizard, GBR",21/10/2014,39,32.4,5.9
Scarus,rubroviolaceus,IP,North Reef,"Lizard, GBR",21/10/2014,44,22.2,4
Scarus,rubroviolaceus,IP,North Reef,"Lizard, GBR",20/10/2014,44,23.4,7
Scarus,rubroviolaceus,IP,North Reef,"Lizard, GBR",20/10/2014,44,26.1,7.3
Scarus,rubroviolaceus,TP,North Reef,"Lizard, GBR",21/10/2014,45,0,0
Scarus,rubroviolaceus,TP,North Reef,"Lizard, GBR",21/10/2014,45,0,0
Scarus,rubroviolaceus,TP,North Reef,"Lizard, GBR",21/10/2014,45,26.7,7.2
Scarus,rubroviolaceus,TP,North Reef,"Lizard, GBR",20/10/2014,46,22.3,7.6
Scarus,rubroviolaceus,TP,North Reef,"Lizard, GBR",20/10/2014,46,27.3,8
Scarus,rubroviolaceus,TP,North Reef,"Lizard, GBR",21/10/2014,47,28.7,7.4
Scarus,rubroviolaceus,TP,North Reef,"Lizard, GBR",21/10/2014,52,27.6,4.1
Scarus,rubroviolaceus,TP,North Reef,"Lizard, GBR",21/10/2014,55,11.4,8.8
Scarus,schlegeli,IP,North Reef,"Lizard, GBR",20/10/2014,10,0,0
Scarus,schlegeli,IP,North Reef,"Lizard, GBR",20/10/2014,10,0,0
Scarus,schlegeli,IP,North Reef,"Lizard, GBR",20/10/2014,10,0,0
Scarus,schlegeli,IP,North Reef,"Lizard, GBR",20/10/2014,10,0,0
Scarus,schlegeli,IP,North Reef,"Lizard, GBR",20/10/2014,10,0,0
Scarus,schlegeli,IP,North Reef,"Lizard, GBR",20/10/2014,10,0,0
Scarus,schlegeli,IP,North Reef,"Lizard, GBR",20/10/2014,10,0,0
Scarus,schlegeli,IP,North Reef,"Lizard, GBR",20/10/2014,10,0,0
Scarus,schlegeli,IP,North Reef,"Lizard, GBR",20/10/2014,10,0,0
Scarus,schlegeli,IP,North Reef,"Lizard, GBR",20/10/2014,10,0,0
Scarus,schlegeli,IP,North Reef,"Lizard, GBR",20/10/2014,10,0,0
Scarus,schlegeli,IP,North Reef,"Lizard, GBR",20/10/2014,10,0,0
Scarus,schlegeli,IP,North Reef,"Lizard, GBR",20/10/2014,10,0,0
Scarus,schlegeli,IP,Big Vicki's,"Lizard, GBR",19/10/2014,12,0,0
Scarus,schlegeli,IP,Big Vicki's,"Lizard, GBR",19/10/2014,12,0,0
Scarus,schlegeli,IP,Big Vicki's,"Lizard, GBR",19/10/2014,12,0,0
Scarus,schlegeli,IP,Big Vicki's,"Lizard, GBR",19/10/2014,12,0,0
Scarus,schlegeli,IP,Big Vicki's,"Lizard, GBR",19/10/2014,12,0,0
Scarus,schlegeli,IP,Big Vicki's,"Lizard, GBR",19/10/2014,12,0,0
Scarus,schlegeli,IP,Big Vicki's,"Lizard, GBR",19/10/2014,12,0,0
Scarus,schlegeli,IP,North Reef,"Lizard, GBR",20/10/2014,12,0,0
Scarus,schlegeli,IP,North Reef,"Lizard, GBR",20/10/2014,12,0,0
Scarus,schlegeli,IP,North Reef,"Lizard, GBR",20/10/2014,12,0,0
Scarus,schlegeli,IP,North Reef,"Lizard, GBR",20/10/2014,12,0,0
Scarus,schlegeli,IP,North Reef,"Lizard, GBR",20/10/2014,12,0,0
Scarus,schlegeli,IP,North Reef,"Lizard, GBR",20/10/2014,12,0,0
Scarus,schlegeli,IP,North Reef,"Lizard, GBR",20/10/2014,12,0,0
Scarus,schlegeli,IP,North Reef,"Lizard, GBR",20/10/2014,12,0,0
Scarus,schlegeli,IP,North Reef,"Lizard, GBR",20/10/2014,12,0,0
Scarus,schlegeli,IP,North Reef,"Lizard, GBR",20/10/2014,12,0,0
Scarus,schlegeli,IP,North Reef,"Lizard, GBR",20/10/2014,12,0,0
Scarus,schlegeli,IP,North Reef,"Lizard, GBR",20/10/2014,12,0,0
Scarus,schlegeli,IP,North Reef,"Lizard, GBR",20/10/2014,12,0,0
Scarus,schlegeli,IP,North Reef,"Lizard, GBR",20/10/2014,12,0,0
Scarus,schlegeli,IP,North Reef,"Lizard, GBR",20/10/2014,12,0,0
Scarus,schlegeli,IP,North Reef,"Lizard, GBR",20/10/2014,13,0,0
Scarus,schlegeli,IP,North Reef,"Lizard, GBR",20/10/2014,13,0,0
Scarus,schlegeli,IP,North Reef,"Lizard, GBR",20/10/2014,13,0,0
Scarus,schlegeli,IP,North Reef,"Lizard, GBR",20/10/2014,13,0,0
Scarus,schlegeli,IP,North Reef,"Lizard, GBR",20/10/2014,13,0,0
Scarus,schlegeli,IP,North Reef,"Lizard, GBR",20/10/2014,13,0,0
Scarus,schlegeli,IP,North Reef,"Lizard, GBR",21/10/2014,13,0,0
Scarus,schlegeli,IP,North Reef,"Lizard, GBR",21/10/2014,13,0,0
Scarus,schlegeli,IP,North Reef,"Lizard, GBR",21/10/2014,13,0,0
Scarus,schlegeli,IP,North Reef,"Lizard, GBR",21/10/2014,13,0,0
Scarus,schlegeli,IP,North Reef,"Lizard, GBR",21/10/2014,13,0,0
Scarus,schlegeli,IP,North Reef,"Lizard, GBR",21/10/2014,13,0,0
Scarus,schlegeli,IP,North Reef,"Lizard, GBR",21/10/2014,13,0,0
Scarus,schlegeli,IP,North Reef,"Lizard, GBR",21/10/2014,13,4.5,2
Scarus,schlegeli,IP,North Reef,"Lizard, GBR",20/10/2014,14,0,0
Scarus,schlegeli,IP,North Reef,"Lizard, GBR",20/10/2014,14,0,0
Scarus,schlegeli,IP,North Reef,"Lizard, GBR",20/10/2014,14,0,0
Scarus,schlegeli,IP,North Reef,"Lizard, GBR",20/10/2014,14,0,0
Scarus,schlegeli,IP,North Reef,"Lizard, GBR",20/10/2014,14,0,0
Scarus,schlegeli,IP,North Reef,"Lizard, GBR",20/10/2014,14,0,0
Scarus,schlegeli,IP,North Reef,"Lizard, GBR",20/10/2014,14,0,0
Scarus,schlegeli,IP,North Reef,"Lizard, GBR",20/10/2014,14,0,0
Scarus,schlegeli,IP,North Reef,"Lizard, GBR",21/10/2014,15,0,0
Scarus,schlegeli,IP,North Reef,"Lizard, GBR",21/10/2014,15,0,0
Scarus,schlegeli,IP,North Reef,"Lizard, GBR",21/10/2014,15,0,0
Scarus,schlegeli,IP,North Reef,"Lizard, GBR",21/10/2014,15,0,0
Scarus,schlegeli,IP,North Reef,"Lizard, GBR",21/10/2014,15,0,0
Scarus,schlegeli,IP,Big Vicki's,"Lizard, GBR",19/10/2014,16,0,0
Scarus,schlegeli,IP,Big Vicki's,"Lizard, GBR",19/10/2014,16,0,0
Scarus,schlegeli,IP,North Reef,"Lizard, GBR",20/10/2014,16,0,0
Scarus,schlegeli,IP,North Reef,"Lizard, GBR",20/10/2014,16,0,0
Scarus,schlegeli,IP,North Reef,"Lizard, GBR",20/10/2014,16,0,0
Scarus,schlegeli,IP,North Reef,"Lizard, GBR",20/10/2014,17,0,0
Scarus,schlegeli,IP,North Reef,"Lizard, GBR",20/10/2014,17,0,0
Scarus,schlegeli,IP,North Reef,"Lizard, GBR",20/10/2014,17,0,0
Scarus,schlegeli,IP,North Reef,"Lizard, GBR",20/10/2014,17,0,0
Scarus,schlegeli,IP,North Reef,"Lizard, GBR",20/10/2014,20,0,0
Scarus,schlegeli,IP,North Reef,"Lizard, GBR",20/10/2014,20,0,0
Scarus,schlegeli,IP,North Reef,"Lizard, GBR",20/10/2014,20,0,0
Scarus,schlegeli,IP,North Reef,"Lizard, GBR",20/10/2014,20,0,0
Scarus,schlegeli,IP,North Reef,"Lizard, GBR",20/10/2014,20,0,0
Scarus,schlegeli,IP,North Reef,"Lizard, GBR",20/10/2014,20,0,0
Scarus,schlegeli,IP,North Reef,"Lizard, GBR",20/10/2014,20,0,0
Scarus,schlegeli,IP,North Reef,"Lizard, GBR",20/10/2014,20,0,0
Scarus,schlegeli,IP,North Reef,"Lizard, GBR",21/10/2014,23,0,0
Scarus,schlegeli,IP,North Reef,"Lizard, GBR",21/10/2014,23,0,0
Scarus,schlegeli,IP,North Reef,"Lizard, GBR",21/10/2014,23,0,0
Scarus,schlegeli,IP,North Reef,"Lizard, GBR",21/10/2014,23,0,0
Scarus,schlegeli,IP,North Reef,"Lizard, GBR",21/10/2014,23,0,0
Scarus,schlegeli,IP,North Reef,"Lizard, GBR",21/10/2014,23,0,0
Scarus,schlegeli,IP,North Reef,"Lizard, GBR",21/10/2014,23,0,0
Scarus,schlegeli,IP,North Reef,"Lizard, GBR",21/10/2014,23,0,0
Scarus,schlegeli,IP,North Reef,"Lizard, GBR",21/10/2014,23,0,0
Scarus,schlegeli,IP,North Reef,"Lizard, GBR",21/10/2014,23,0,0
Scarus,schlegeli,TP,Big Vicki's,"Lizard, GBR",19/10/2014,20,0,0
Scarus,schlegeli,TP,Big Vicki's,"Lizard, GBR",19/10/2014,20,0,0
Scarus,schlegeli,TP,Big Vicki's,"Lizard, GBR",19/10/2014,20,0,0
Scarus,schlegeli,TP,Big Vicki's,"Lizard, GBR",19/10/2014,20,0,0
Scarus,schlegeli,TP,Big Vicki's,"Lizard, GBR",19/10/2014,20,0,0
Scarus,schlegeli,TP,Big Vicki's,"Lizard, GBR",19/10/2014,20,0,0
Scarus,schlegeli,TP,Big Vicki's,"Lizard, GBR",19/10/2014,20,0,0
Scarus,schlegeli,TP,Big Vicki's,"Lizard, GBR",19/10/2014,20,0,0
Scarus,schlegeli,TP,Big Vicki's,"Lizard, GBR",19/10/2014,20,0,0
Scarus,schlegeli,TP,Big Vicki's,"Lizard, GBR",19/10/2014,20,0,0
Scarus,schlegeli,TP,Big Vicki's,"Lizard, GBR",19/10/2014,20,0,0
Scarus,schlegeli,TP,Big Vicki's,"Lizard, GBR",19/10/2014,20,0,0
Scarus,schlegeli,TP,Big Vicki's,"Lizard, GBR",19/10/2014,20,0,0
Scarus,schlegeli,TP,Big Vicki's,"Lizard, GBR",19/10/2014,20,0,0
Scarus,schlegeli,TP,Big Vicki's,"Lizard, GBR",19/10/2014,20,0,0
Scarus,schlegeli,TP,Big Vicki's,"Lizard, GBR",19/10/2014,20,0,0
Scarus,schlegeli,TP,Big Vicki's,"Lizard, GBR",19/10/2014,20,0,0
Scarus,schlegeli,TP,Big Vicki's,"Lizard, GBR",19/10/2014,20,0,0
Scarus,schlegeli,TP,Lagoon entrance,"Lizard, GBR",17/10/2014,21,0,0
Scarus,schlegeli,TP,Lagoon entrance,"Lizard, GBR",17/10/2014,21,0,0
Scarus,schlegeli,TP,Lagoon entrance,"Lizard, GBR",17/10/2014,21,0,0
Scarus,schlegeli,TP,Big Vicki's,"Lizard, GBR",19/10/2014,21,0,0
Scarus,schlegeli,TP,Big Vicki's,"Lizard, GBR",19/10/2014,21,9.2,1.5
Scarus,schlegeli,TP,Big Vicki's,"Lizard, GBR",18/10/2014,22,0,0
Scarus,schlegeli,TP,Big Vicki's,"Lizard, GBR",18/10/2014,22,0,0
Scarus,schlegeli,TP,Big Vicki's,"Lizard, GBR",18/10/2014,22,0,0
Scarus,schlegeli,TP,Big Vicki's,"Lizard, GBR",18/10/2014,22,0,0
Scarus,schlegeli,TP,Big Vicki's,"Lizard, GBR",18/10/2014,22,0,0
Scarus,schlegeli,TP,Big Vicki's,"Lizard, GBR",18/10/2014,22,0,0
Scarus,schlegeli,TP,Big Vicki's,"Lizard, GBR",18/10/2014,22,0,0
Scarus,schlegeli,TP,Big Vicki's,"Lizard, GBR",18/10/2014,22,0,0
Scarus,schlegeli,TP,Big Vicki's,"Lizard, GBR",18/10/2014,22,0,0
Scarus,schlegeli,TP,Big Vicki's,"Lizard, GBR",18/10/2014,22,0,0
Scarus,schlegeli,TP,Big Vicki's,"Lizard, GBR",18/10/2014,22,0,0
Scarus,schlegeli,TP,Big Vicki's,"Lizard, GBR",18/10/2014,22,0,0
Scarus,schlegeli,TP,Big Vicki's,"Lizard, GBR",18/10/2014,22,0,0
Scarus,schlegeli,TP,Big Vicki's,"Lizard, GBR",18/10/2014,22,0,0
Scarus,schlegeli,TP,Big Vicki's,"Lizard, GBR",19/10/2014,22,0,0
Scarus,schlegeli,TP,Big Vicki's,"Lizard, GBR",19/10/2014,22,0,0
Scarus,schlegeli,TP,Big Vicki's,"Lizard, GBR",19/10/2014,22,0,0
Scarus,schlegeli,TP,Big Vicki's,"Lizard, GBR",19/10/2014,22,0,0
Scarus,schlegeli,TP,Big Vicki's,"Lizard, GBR",19/10/2014,22,0,0
Scarus,schlegeli,TP,Big Vicki's,"Lizard, GBR",19/10/2014,22,0,0
Scarus,schlegeli,TP,Big Vicki's,"Lizard, GBR",19/10/2014,22,0,0
Scarus,schlegeli,TP,Big Vicki's,"Lizard, GBR",19/10/2014,22,0,0
Scarus,schlegeli,TP,Big Vicki's,"Lizard, GBR",19/10/2014,22,0,0
Scarus,schlegeli,TP,North Reef,"Lizard, GBR",20/10/2014,22,0,0
Scarus,schlegeli,TP,North Reef,"Lizard, GBR",20/10/2014,22,0,0
Scarus,schlegeli,TP,North Reef,"Lizard, GBR",20/10/2014,22,0,0
Scarus,schlegeli,TP,North Reef,"Lizard, GBR",20/10/2014,22,0,0
Scarus,schlegeli,TP,North Reef,"Lizard, GBR",20/10/2014,22,0,0
Scarus,schlegeli,TP,North Reef,"Lizard, GBR",20/10/2014,22,0,0
Scarus,schlegeli,TP,North Reef,"Lizard, GBR",20/10/2014,22,0,0
Scarus,schlegeli,TP,North Reef,"Lizard, GBR",20/10/2014,22,0,0
Scarus,schlegeli,TP,North Reef,"Lizard, GBR",20/10/2014,22,0,0
Scarus,schlegeli,TP,North Reef,"Lizard, GBR",20/10/2014,22,8.7,2.5
Scarus,schlegeli,TP,North Reef,"Lizard, GBR",20/10/2014,23,0,0
Scarus,schlegeli,TP,North Reef,"Lizard, GBR",20/10/2014,23,0,0
Scarus,schlegeli,TP,North Reef,"Lizard, GBR",20/10/2014,23,0,0
Scarus,schlegeli,TP,North Reef,"Lizard, GBR",20/10/2014,23,0,0
Scarus,schlegeli,TP,North Reef,"Lizard, GBR",20/10/2014,23,0,0
Scarus,schlegeli,TP,North Reef,"Lizard, GBR",20/10/2014,23,0,0
Scarus,schlegeli,TP,North Reef,"Lizard, GBR",20/10/2014,23,0,0
Scarus,schlegeli,TP,North Reef,"Lizard, GBR",20/10/2014,23,0,0
Scarus,schlegeli,TP,North Reef,"Lizard, GBR",21/10/2014,23,0,0
Scarus,schlegeli,TP,North Reef,"Lizard, GBR",21/10/2014,23,0,0
Scarus,schlegeli,TP,North Reef,"Lizard, GBR",21/10/2014,23,0,0
Scarus,schlegeli,TP,North Reef,"Lizard, GBR",21/10/2014,23,0,0
Scarus,schlegeli,TP,North Reef,"Lizard, GBR",21/10/2014,23,0,0
Scarus,schlegeli,TP,North Reef,"Lizard, GBR",21/10/2014,23,0,0
Scarus,schlegeli,TP,North Reef,"Lizard, GBR",21/10/2014,23,0,0
Scarus,schlegeli,TP,North Reef,"Lizard, GBR",21/10/2014,23,0,0
Scarus,schlegeli,TP,North Reef,"Lizard, GBR",21/10/2014,23,0,0
Scarus,schlegeli,TP,North Reef,"Lizard, GBR",21/10/2014,23,0,0
Scarus,schlegeli,TP,North Reef,"Lizard, GBR",21/10/2014,23,0,0
Scarus,schlegeli,TP,North Reef,"Lizard, GBR",21/10/2014,23,0,0
Scarus,schlegeli,TP,North Reef,"Lizard, GBR",20/10/2014,23,11.6,2
Scarus,schlegeli,TP,Big Vicki's,"Lizard, GBR",19/10/2014,24,0,0
Scarus,schlegeli,TP,Big Vicki's,"Lizard, GBR",19/10/2014,24,0,0
Scarus,schlegeli,TP,Big Vicki's,"Lizard, GBR",19/10/2014,24,0,0
Scarus,schlegeli,TP,Big Vicki's,"Lizard, GBR",19/10/2014,24,0,0
Scarus,schlegeli,TP,Big Vicki's,"Lizard, GBR",19/10/2014,24,0,0
Scarus,schlegeli,TP,Big Vicki's,"Lizard, GBR",19/10/2014,24,0,0
Scarus,schlegeli,TP,Big Vicki's,"Lizard, GBR",19/10/2014,24,0,0
Scarus,schlegeli,TP,Big Vicki's,"Lizard, GBR",19/10/2014,24,0,0
Scarus,schlegeli,TP,Big Vicki's,"Lizard, GBR",19/10/2014,24,0,0
Scarus,schlegeli,TP,Big Vicki's,"Lizard, GBR",19/10/2014,24,0,0
Scarus,schlegeli,TP,Big Vicki's,"Lizard, GBR",19/10/2014,24,0,0
Scarus,schlegeli,TP,Big Vicki's,"Lizard, GBR",19/10/2014,24,0,0
Scarus,schlegeli,TP,Big Vicki's,"Lizard, GBR",19/10/2014,24,0,0
Scarus,schlegeli,TP,Big Vicki's,"Lizard, GBR",19/10/2014,24,0,0
Scarus,schlegeli,TP,Big Vicki's,"Lizard, GBR",19/10/2014,24,0,0
Scarus,schlegeli,TP,Big Vicki's,"Lizard, GBR",19/10/2014,24,0,0
Scarus,schlegeli,TP,Big Vicki's,"Lizard, GBR",19/10/2014,24,0,0
Scarus,schlegeli,TP,Big Vicki's,"Lizard, GBR",19/10/2014,24,0,0
Scarus,schlegeli,TP,Big Vicki's,"Lizard, GBR",19/10/2014,24,0,0
Scarus,schlegeli,TP,Big Vicki's,"Lizard, GBR",19/10/2014,24,0,0
Scarus,schlegeli,TP,Big Vicki's,"Lizard, GBR",19/10/2014,24,0,0
Scarus,schlegeli,TP,Big Vicki's,"Lizard, GBR",19/10/2014,24,0,0
Scarus,schlegeli,TP,Big Vicki's,"Lizard, GBR",19/10/2014,24,0,0
Scarus,schlegeli,TP,Big Vicki's,"Lizard, GBR",19/10/2014,24,0,0
Scarus,schlegeli,TP,Big Vicki's,"Lizard, GBR",19/10/2014,24,0,0
Scarus,schlegeli,TP,Big Vicki's,"Lizard, GBR",19/10/2014,24,0,0
Scarus,schlegeli,TP,North Reef,"Lizard, GBR",20/10/2014,24,0,0
Scarus,schlegeli,TP,North Reef,"Lizard, GBR",20/10/2014,24,0,0
Scarus,schlegeli,TP,North Reef,"Lizard, GBR",20/10/2014,24,0,0
Scarus,schlegeli,TP,North Reef,"Lizard, GBR",20/10/2014,24,0,0
Scarus,schlegeli,TP,North Reef,"Lizard, GBR",20/10/2014,24,0,0
Scarus,schlegeli,TP,North Reef,"Lizard, GBR",20/10/2014,24,0,0
Scarus,schlegeli,TP,North Reef,"Lizard, GBR",20/10/2014,24,0,0
Scarus,schlegeli,TP,North Reef,"Lizard, GBR",20/10/2014,24,0,0
Scarus,schlegeli,TP,North Reef,"Lizard, GBR",20/10/2014,24,0,0
Scarus,schlegeli,TP,North Reef,"Lizard, GBR",21/10/2014,25,0,0
Scarus,schlegeli,TP,North Reef,"Lizard, GBR",21/10/2014,25,0,0
Scarus,schlegeli,TP,North Reef,"Lizard, GBR",21/10/2014,25,0,0
Scarus,schlegeli,TP,North Reef,"Lizard, GBR",21/10/2014,25,0,0
Scarus,schlegeli,TP,North Reef,"Lizard, GBR",21/10/2014,25,0,0
Scarus,schlegeli,TP,North Reef,"Lizard, GBR",21/10/2014,25,0,0
Scarus,schlegeli,TP,North Reef,"Lizard, GBR",21/10/2014,25,0,0
Scarus,schlegeli,TP,North Reef,"Lizard, GBR",21/10/2014,25,0,0
Scarus,schlegeli,TP,North Reef,"Lizard, GBR",20/10/2014,28,0,0
Scarus,schlegeli,TP,North Reef,"Lizard, GBR",20/10/2014,28,0,0
Scarus,schlegeli,TP,North Reef,"Lizard, GBR",20/10/2014,28,0,0
Scarus,schlegeli,TP,North Reef,"Lizard, GBR",20/10/2014,28,0,0
Scarus,schlegeli,TP,North Reef,"Lizard, GBR",20/10/2014,28,0,0
Scarus,schlegeli,TP,North Reef,"Lizard, GBR",20/10/2014,28,0,0
Scarus,schlegeli,TP,North Reef,"Lizard, GBR",20/10/2014,28,0,0
Scarus,schlegeli,TP,North Reef,"Lizard, GBR",20/10/2014,28,0,0
Scarus,schlegeli,TP,North Reef,"Lizard, GBR",20/10/2014,28,0,0
Scarus,schlegeli,TP,Big Vicki's,"Lizard, GBR",19/10/2014,29,0,0
Scarus,schlegeli,TP,Big Vicki's,"Lizard, GBR",19/10/2014,29,0,0
Scarus,schlegeli,TP,Big Vicki's,"Lizard, GBR",19/10/2014,29,0,0
Scarus,schlegeli,TP,Big Vicki's,"Lizard, GBR",19/10/2014,29,0,0
Scarus,schlegeli,TP,Big Vicki's,"Lizard, GBR",19/10/2014,29,0,0
Scarus,schlegeli,TP,Big Vicki's,"Lizard, GBR",19/10/2014,29,0,0
Scarus,schlegeli,TP,Big Vicki's,"Lizard, GBR",19/10/2014,29,0,0
Scarus,schlegeli,TP,Big Vicki's,"Lizard, GBR",19/10/2014,29,0,0
Scarus,spinus,IP,Big Vicki's,"Lizard, GBR",19/10/2014,14,0,0
Scarus,spinus,IP,Big Vicki's,"Lizard, GBR",19/10/2014,14,0,0
Scarus,spinus,IP,Big Vicki's,"Lizard, GBR",19/10/2014,14,0,0
Scarus,spinus,IP,Big Vicki's,"Lizard, GBR",19/10/2014,14,0,0
Scarus,spinus,IP,Big Vicki's,"Lizard, GBR",19/10/2014,14,0,0
Scarus,spinus,IP,Big Vicki's,"Lizard, GBR",19/10/2014,14,0,0
Scarus,spinus,IP,Big Vicki's,"Lizard, GBR",19/10/2014,14,0,0
Scarus,spinus,IP,Big Vicki's,"Lizard, GBR",19/10/2014,14,0,0
Scarus,spinus,IP,Big Vicki's,"Lizard, GBR",19/10/2014,14,0,0
Scarus,spinus,IP,Big Vicki's,"Lizard, GBR",19/10/2014,14,0,0
Scarus,spinus,IP,Big Vicki's,"Lizard, GBR",19/10/2014,14,0,0
Scarus,spinus,IP,Big Vicki's,"Lizard, GBR",19/10/2014,14,0,0
Scarus,spinus,IP,Big Vicki's,"Lizard, GBR",19/10/2014,14,0,0
Scarus,spinus,IP,Big Vicki's,"Lizard, GBR",19/10/2014,14,0,0
Scarus,spinus,IP,Big Vicki's,"Lizard, GBR",19/10/2014,14,0,0
Scarus,spinus,IP,Big Vicki's,"Lizard, GBR",19/10/2014,14,0,0
Scarus,spinus,IP,Big Vicki's,"Lizard, GBR",19/10/2014,14,0,0
Scarus,spinus,IP,Big Vicki's,"Lizard, GBR",19/10/2014,14,0,0
Scarus,spinus,IP,Big Vicki's,"Lizard, GBR",19/10/2014,14,0,0
Scarus,spinus,IP,Big Vicki's,"Lizard, GBR",19/10/2014,14,0,0
Scarus,spinus,IP,Big Vicki's,"Lizard, GBR",19/10/2014,14,0,0
Scarus,spinus,IP,Big Vicki's,"Lizard, GBR",19/10/2014,14,0,0
Scarus,spinus,IP,Big Vicki's,"Lizard, GBR",19/10/2014,14,0,0
Scarus,spinus,IP,Lagoon entrance (RHS),"Lizard, GBR",18/10/2014,15,0,0
Scarus,spinus,IP,Lagoon entrance (RHS),"Lizard, GBR",18/10/2014,15,0,0
Scarus,spinus,IP,Lagoon entrance (RHS),"Lizard, GBR",18/10/2014,15,0,0
Scarus,spinus,IP,Big Vicki's,"Lizard, GBR",19/10/2014,17,0,0
Scarus,spinus,IP,Big Vicki's,"Lizard, GBR",19/10/2014,17,0,0
Scarus,spinus,IP,Big Vicki's,"Lizard, GBR",19/10/2014,17,0,0
Scarus,spinus,IP,Big Vicki's,"Lizard, GBR",19/10/2014,17,0,0
Scarus,spinus,IP,Big Vicki's,"Lizard, GBR",19/10/2014,17,0,0
Scarus,spinus,IP,Big Vicki's,"Lizard, GBR",19/10/2014,17,0,0
Scarus,spinus,IP,Big Vicki's,"Lizard, GBR",19/10/2014,17,0,0
Scarus,spinus,IP,Big Vicki's,"Lizard, GBR",19/10/2014,17,0,0
Scarus,spinus,IP,Big Vicki's,"Lizard, GBR",19/10/2014,17,0,0
Scarus,spinus,IP,Big Vicki's,"Lizard, GBR",19/10/2014,17,0,0
Scarus,spinus,IP,Big Vicki's,"Lizard, GBR",19/10/2014,17,0,0
Scarus,spinus,IP,Big Vicki's,"Lizard, GBR",19/10/2014,20,0,0
Scarus,spinus,IP,Big Vicki's,"Lizard, GBR",19/10/2014,20,0,0
Scarus,spinus,IP,Big Vicki's,"Lizard, GBR",19/10/2014,20,0,0
Scarus,spinus,IP,Big Vicki's,"Lizard, GBR",19/10/2014,20,0,0
Scarus,spinus,IP,Big Vicki's,"Lizard, GBR",19/10/2014,20,0,0
Scarus,spinus,IP,Big Vicki's,"Lizard, GBR",19/10/2014,20,0,0
Scarus,spinus,IP,Big Vicki's,"Lizard, GBR",19/10/2014,20,0,0
Scarus,spinus,IP,Big Vicki's,"Lizard, GBR",19/10/2014,20,0,0
Scarus,spinus,IP,Big Vicki's,"Lizard, GBR",19/10/2014,20,0,0
Scarus,spinus,IP,Big Vicki's,"Lizard, GBR",19/10/2014,20,0,0
Scarus,spinus,IP,Big Vicki's,"Lizard, GBR",19/10/2014,20,0,0
Scarus,spinus,IP,Big Vicki's,"Lizard, GBR",19/10/2014,20,0,0
Scarus,spinus,IP,Big Vicki's,"Lizard, GBR",19/10/2014,24,0,0
Scarus,spinus,IP,Big Vicki's,"Lizard, GBR",19/10/2014,24,0,0
Scarus,spinus,IP,Big Vicki's,"Lizard, GBR",19/10/2014,24,0,0
Scarus,spinus,IP,Big Vicki's,"Lizard, GBR",19/10/2014,24,0,0
Scarus,spinus,IP,Big Vicki's,"Lizard, GBR",19/10/2014,24,0,0
Scarus,spinus,IP,Big Vicki's,"Lizard, GBR",19/10/2014,24,0,0
Scarus,spinus,IP,Big Vicki's,"Lizard, GBR",19/10/2014,24,0,0
Scarus,spinus,IP,Big Vicki's,"Lizard, GBR",19/10/2014,24,0,0
Scarus,spinus,IP,Big Vicki's,"Lizard, GBR",19/10/2014,24,0,0
Scarus,spinus,IP,Big Vicki's,"Lizard, GBR",19/10/2014,24,0,0
Scarus,spinus,IP,Big Vicki's,"Lizard, GBR",19/10/2014,24,0,0
Scarus,spinus,IP,Big Vicki's,"Lizard, GBR",19/10/2014,24,0,0
Scarus,spinus,IP,Big Vicki's,"Lizard, GBR",19/10/2014,24,0,0
Scarus,spinus,IP,Big Vicki's,"Lizard, GBR",19/10/2014,24,0,0
Scarus,spinus,IP,Big Vicki's,"Lizard, GBR",19/10/2014,24,0,0
Scarus,spinus,IP,Big Vicki's,"Lizard, GBR",19/10/2014,24,0,0
Scarus,spinus,IP,Big Vicki's,"Lizard, GBR",19/10/2014,24,0,0
Scarus,spinus,IP,Big Vicki's,"Lizard, GBR",19/10/2014,24,0,0
Scarus,spinus,TP,Lagoon entrance (RHS),"Lizard, GBR",18/10/2014,15,0,0
Scarus,spinus,TP,Lagoon entrance (RHS),"Lizard, GBR",18/10/2014,15,0,0
Scarus,spinus,TP,Lagoon entrance (RHS),"Lizard, GBR",18/10/2014,15,0,0
Scarus,spinus,TP,Lagoon entrance (RHS),"Lizard, GBR",18/10/2014,15,0,0
Scarus,spinus,TP,Lagoon entrance (RHS),"Lizard, GBR",18/10/2014,15,0,0
Scarus,spinus,TP,Lagoon entrance (RHS),"Lizard, GBR",18/10/2014,15,0,0
Scarus,spinus,TP,Lagoon entrance (RHS),"Lizard, GBR",18/10/2014,15,0,0
Scarus,spinus,TP,Lagoon entrance (RHS),"Lizard, GBR",18/10/2014,15,0,0
Scarus,spinus,TP,Lagoon entrance (RHS),"Lizard, GBR",18/10/2014,15,0,0
Scarus,spinus,TP,Lagoon entrance (RHS),"Lizard, GBR",18/10/2014,15,0,0
Scarus,spinus,TP,Lagoon entrance (RHS),"Lizard, GBR",18/10/2014,15,0,0
Scarus,spinus,TP,Lagoon entrance (RHS),"Lizard, GBR",18/10/2014,15,0,0
Scarus,spinus,TP,Lagoon entrance (RHS),"Lizard, GBR",18/10/2014,15,0,0
Scarus,spinus,TP,Lagoon entrance (RHS),"Lizard, GBR",18/10/2014,15,0,0
Scarus,spinus,TP,Lagoon entrance (RHS),"Lizard, GBR",18/10/2014,15,0,0
Scarus,spinus,TP,Lagoon entrance (RHS),"Lizard, GBR",18/10/2014,15,0,0
Scarus,spinus,TP,Lagoon entrance (RHS),"Lizard, GBR",18/10/2014,15,0,0
Scarus,spinus,TP,Lagoon entrance (RHS),"Lizard, GBR",18/10/2014,15,0,0
Scarus,spinus,TP,Lagoon entrance (RHS),"Lizard, GBR",18/10/2014,15,0,0
Scarus,spinus,TP,Lagoon entrance (RHS),"Lizard, GBR",18/10/2014,15,0,0
Scarus,spinus,TP,Lagoon entrance (RHS),"Lizard, GBR",18/10/2014,15,6.6,2
Scarus,spinus,TP,Big Vicki's,"Lizard, GBR",19/10/2014,23,0,0
Scarus,spinus,TP,Big Vicki's,"Lizard, GBR",19/10/2014,23,0,0
Scarus,spinus,TP,Big Vicki's,"Lizard, GBR",19/10/2014,23,0,0
Scarus,spinus,TP,Big Vicki's,"Lizard, GBR",19/10/2014,23,0,0
Scarus,spinus,TP,Big Vicki's,"Lizard, GBR",19/10/2014,23,0,0
Scarus,spinus,TP,Big Vicki's,"Lizard, GBR",19/10/2014,23,0,0
Scarus,spinus,TP,Big Vicki's,"Lizard, GBR",19/10/2014,23,0,0
Scarus,spinus,TP,Big Vicki's,"Lizard, GBR",19/10/2014,23,0,0
Scarus,spinus,TP,Big Vicki's,"Lizard, GBR",19/10/2014,23,0,0
Scarus,spinus,TP,Big Vicki's,"Lizard, GBR",19/10/2014,23,0,0
Scarus,spinus,TP,Big Vicki's,"Lizard, GBR",19/10/2014,23,0,0
Scarus,spinus,TP,Big Vicki's,"Lizard, GBR",19/10/2014,23,0,0
Scarus,spinus,TP,Big Vicki's,"Lizard, GBR",19/10/2014,23,0,0
Scarus,spinus,TP,Big Vicki's,"Lizard, GBR",19/10/2014,23,0,0
Scarus,spinus,TP,Big Vicki's,"Lizard, GBR",19/10/2014,23,0,0
Scarus,spinus,TP,Big Vicki's,"Lizard, GBR",19/10/2014,23,0,0
Scarus,spinus,TP,Big Vicki's,"Lizard, GBR",19/10/2014,23,0,0
Scarus,spinus,TP,Big Vicki's,"Lizard, GBR",19/10/2014,23,9,1.9
Scarus,spinus,TP,Big Vicki's,"Lizard, GBR",19/10/2014,23,9.8,2
Scarus,spinus,TP,Big Vicki's,"Lizard, GBR",19/10/2014,24,0,0
Scarus,spinus,TP,Big Vicki's,"Lizard, GBR",19/10/2014,24,0,0
Scarus,spinus,TP,Big Vicki's,"Lizard, GBR",19/10/2014,24,0,0
Scarus,spinus,TP,North Reef,"Lizard, GBR",20/10/2014,26,0,0
Scarus,spinus,TP,North Reef,"Lizard, GBR",20/10/2014,26,0,0
Scarus,spinus,TP,North Reef,"Lizard, GBR",20/10/2014,26,0,0
Scarus,spinus,TP,North Reef,"Lizard, GBR",20/10/2014,26,0,0
Scarus,spinus,TP,North Reef,"Lizard, GBR",20/10/2014,26,0,0
Scarus,spinus,TP,North Reef,"Lizard, GBR",20/10/2014,26,0,0
Scarus,spinus,TP,North Reef,"Lizard, GBR",20/10/2014,26,0,0
Scarus,spinus,TP,North Reef,"Lizard, GBR",20/10/2014,26,0,0
Scarus,spinus,TP,North Reef,"Lizard, GBR",20/10/2014,26,0,0
Scarus,spinus,TP,North Reef,"Lizard, GBR",20/10/2014,26,0,0
Scarus,spinus,TP,North Reef,"Lizard, GBR",20/10/2014,26,0,0
Scarus,spinus,TP,North Reef,"Lizard, GBR",20/10/2014,26,0,0
Scarus,spinus,TP,North Reef,"Lizard, GBR",20/10/2014,26,0,0
Scarus,spinus,TP,North Reef,"Lizard, GBR",20/10/2014,26,0,0
Scarus,spinus,TP,North Reef,"Lizard, GBR",20/10/2014,26,0,0
Scarus,spinus,TP,North Reef,"Lizard, GBR",20/10/2014,26,0,0
Scarus,spinus,TP,North Reef,"Lizard, GBR",20/10/2014,26,0,0
Scarus,spinus,TP,North Reef,"Lizard, GBR",20/10/2014,26,0,0
Scarus,spinus,TP,North Reef,"Lizard, GBR",20/10/2014,26,0,0
Scarus,spinus,TP,North Reef,"Lizard, GBR",20/10/2014,26,0,0
Scarus,spinus,TP,North Reef,"Lizard, GBR",20/10/2014,26,0,0
Scarus,spinus,TP,North Reef,"Lizard, GBR",20/10/2014,26,0,0
Scarus,spinus,TP,North Reef,"Lizard, GBR",20/10/2014,26,0,0
Scarus,spinus,TP,Big Vicki's,"Lizard, GBR",19/10/2014,27,0,0
Scarus,spinus,TP,Big Vicki's,"Lizard, GBR",19/10/2014,27,0,0
Scarus,spinus,TP,Big Vicki's,"Lizard, GBR",19/10/2014,27,0,0
Scarus,spinus,TP,Big Vicki's,"Lizard, GBR",19/10/2014,27,0,0
Scarus,spinus,TP,Big Vicki's,"Lizard, GBR",19/10/2014,27,0,0
Scarus,spinus,TP,Big Vicki's,"Lizard, GBR",19/10/2014,27,0,0
Scarus,spinus,TP,Big Vicki's,"Lizard, GBR",19/10/2014,27,0,0
Scarus,spinus,TP,Big Vicki's,"Lizard, GBR",19/10/2014,27,0,0
Scarus,spinus,TP,Big Vicki's,"Lizard, GBR",19/10/2014,27,0,0
Scarus,spinus,TP,Big Vicki's,"Lizard, GBR",19/10/2014,27,0,0
Scarus,spinus,TP,Big Vicki's,"Lizard, GBR",19/10/2014,27,0,0
Scarus,spinus,TP,Big Vicki's,"Lizard, GBR",19/10/2014,27,0,0