Date,Reef,Site,Exposure,Depth/Zone,Replicate,Acropora - branching,Acropora - tables,Acropora - submassive,Astreopora,Isopora,Montipora - encrusting,Montipora - foliose,Montipora - submassive,Pocillopora,Seriatopora,Stylophora,Porites - branching,Porites - massive,Porites - encrusting,Porites - submassive,Alveopora,Goniopora,Favia (plocoid),Favites (ceriod),Goniastrea,Montastrea,Caulastrea,Platygyra,Cyphastrea,Oulaphyllia,Leptoria,Echinopora - encrusting,Echinopora - plating,Echinopora - branching,Diploastrea,Merulina,Leptastrea,Gardinoseris,Acanthastrea,Lobophyllia,Symphyllia,Physogyra,Plerogyra,Coscinaraea,Mycedium,Cycloseris,Coeloseris,Fungiidae,Polyphillia,Halomitra,Ctenactis,Echinophyllia,Euphyllia,Pachyseris,Tubastrea,Galaxea,Tubipora,Oxypora,Pectinia,Oulaphyllia,Psammacora,Pavona,Hydonophora - branching,Hydnophora - plating,Turbinaria,Scolymia,Soft Coral,Millepora - encrusting,Millepora - erect,Anemone,Heliopora,Giant Clam,Sponge,Other Invertebrates,CCA,Sand,Rubble,Pavement,Ascidians,Turf,Zooanthid,Caulerpa,Filimentous Green,Red Filimentous,Ulva,Coralline Red Branching Macroalgae,Actinotrichia,Cyanophyta,Sargassum,Padina,Tydemania,Dictyota,Turbinaria (Algae),Neomeris,Halimeda,Chlorodesmis,Unidentified Macroalgae,Epilithic algal matrix,Dead Acropora - table,Dead Acropora - branching,Total hard coral cover,Soft Coral ,Octocorals,Bare Substrate,CCA,Turfs,Macroalgae,EAM,Other Invertebrates,Dead Coral,Sponge,Total no. points
12/11/2010,Wheeler,1,Sheltered,Slope,1,10,1,,,,3,,,2,2,3,,6,,6,,,,1,,1,,,1,,,,,,,,,,,,,,,,,,,,,,,,,,,,,,,,,,,,1,,4,,,,,,,3,3,21,7,4,,5,,,,,,,,,,,,,,,14,,,,1,1,37,4,0,32,3,5,14,0,3,2,0,100
12/11/2010,Wheeler,1,Sheltered,Slope,2,6,4,,,,2,,,2,1,,1,7,,,,1,1,,,,,1,,,,,,,,,,,1,,,,,2,,,,,,,,,,,,,,,,,,,,,,,7,,,,,,,,4,20,25,2,,1,,,,,,,,,,,,,,,11,1,,,,,29,7,0,47,4,1,12,0,0,0,0,100
12/11/2010,Wheeler,1,Sheltered,Slope,3,3,,,1,,1,,,1,1,2,,5,,3,,,1,,1,,,,,,,,,,,,1,,,,1,,,,1,,,,,,,,,,,,,,,,,,,,,,,,,,,,,,9,30,17,7,,0,,,,,,,,,,,,,,,11,,,,,2,22,0,0,54,9,0,11,0,0,2,0,98
12/11/2010,Wheeler,1,Sheltered,Slope,4,3,2,,,,,,,5,2,3,1,3,,1,,,,1,,,,,2,,1,1,,,,,1,,1,,,1,,,,,,,,,,,,,,,,,,,,,,,,,9,,,,,,,1,2,21,7,4,,0,,,,,,,,,,,,,,,24,,3,,,,28,9,0,32,2,0,27,0,1,0,0,99
12/11/2010,Wheeler,1,Sheltered,Crest,1,18,19,,,,8,,,1,,1,,3,,2,,,,2,2,,,1,,,1,,,,,,,,,1,,,,1,,,,,,,,,,,,,,,,,,,,,,,1,,,,,,,1,3,,,12,,5,,,,,,,,,,,,,,,13,1,1,,,,60,1,0,12,3,5,15,0,1,0,0,97
12/11/2010,Wheeler,1,Sheltered,Crest,2,39,7,,,,2,,,2,,,2,,,,,,1,1,2,1,,1,2,,,,,,,,,,,1,1,,,,,,,,,,,,,,,,,,,,,,,,,,3,,,,,,,1,14,,1,10,,2,,,,,,,,,,,,,,,7,,,,,,62,3,0,11,14,2,7,0,1,0,0,100
12/11/2010,Wheeler,1,Sheltered,Crest,3,26,11,,,,2,,,3,,3,,3,,,1,,,,2,,,6,,,,1,1,,,,,,,,,,,,,,,,,,,,,,,,,,,,,,,,,,2,,,,,,,,5,5,9,5,,6,,1,,,,,,,,,,,,,7,,,,,,59,2,0,19,5,6,7,0,0,0,0,99
12/11/2010,Wheeler,1,Sheltered,Crest,4,26,12,,,,3,,,5,,2,,4,,,,,1,,3,,,5,,,,,,,,,,,,,,,,,,,,,,,,,,,,,,,,,,,1,,,,2,,,,,,,,7,,3,3,,13,,2,,,,,,,,,,,,,8,,,,,,62,2,0,6,7,13,8,0,0,0,0,100
12/11/2010,Wheeler,1,Sheltered,Flat,1,12,3,,,,,,,1,,,,,,1,1,,2,,,,,1,,,,,,,,,,,1,,,,,,,,,,,,,,,,,,,,,,,,,,,,,,,,,,,,4,11,2,32,,18,,,,,,,,,,,,,,,,3,,8,,,22,0,0,45,4,18,3,8,0,0,0,100
12/11/2010,Wheeler,1,Sheltered,Flat,2,24,5,,,,6,,,1,,,,,,,,,1,,1,,,2,,,,,,,,,,,,,,,,,,,,,,,,,,,,,,,,,,,,,,,,,,,,,,,12,8,5,26,,4,,,,,,,,,,,,,,,,,,3,,,40,0,0,39,12,4,0,3,0,0,0,98
12/11/2010,Wheeler,1,Sheltered,Flat,3,12,5,,2,,2,,,,,,,,,,,1,2,1,,,,,,,,,,,,,,,,,,,,,,,,,,,,,,,,,,,,,,,,,,,,,,,,,,,1,10,8,30,,10,,,,,,,,,,,,,,,3,1,,12,,,25,0,0,48,1,10,4,12,0,0,0,100
12/11/2010,Wheeler,1,Sheltered,Flat,4,11,5,,,,6,,,1,,,,1,,,,1,2,,,,,,,,,,,,,,,,,,,,,,,,,,,,,,,,,,,,,,,,,,,,,,,,,,,,6,4,6,35,,12,,,,,1,2,,,,,,,,,,,,5,,,27,0,0,45,6,12,3,5,0,0,0,98
12/11/2010,Wheeler,2,Sheltered,Slope,1,14,2,,,,4,,,3,,5,,1,,13,,,,3,1,1,,,1,,1,1,1,,,,,,,1,,,,,,,,,,,,,,,,,,,,,,,,,,,6,,,,,,,,4,6,6,8,,2,,,,,,,,,,,,,,,14,2,,,,,52,6,0,20,4,2,16,0,0,0,0,100
12/11/2010,Wheeler,2,Sheltered,Slope,2,18,2,,,,3,,,2,1,2,,10,,,,,,,2,,,,1,,,,1,,,,,,,1,,,,2,,,,,,,,,,,,1,,,,,,,,,,,2,,,,,,2,1,4,9,12,5,,2,,,,,,1,,,,,,,,,16,,,,,,46,2,0,26,4,2,17,0,3,0,2,100
12/11/2010,Wheeler,2,Sheltered,Slope,3,4,,,1,,4,,,1,2,4,1,6,,2,,,,1,1,,,,,,1,,2,,,,,,,,,,,1,,,,,,,,,,,,1,,,,,,,,,,,1,,,,,,,,8,34,2,7,,0,,,,,,,,,,,,,,,15,,1,,,,32,1,0,43,8,0,16,0,0,0,0,100
12/11/2010,Wheeler,2,Sheltered,Slope,4,20,6,,,,2,,,,2,2,,2,,1,2,,1,,,,,,,,,1,,,2,,,,,,,,,,,,,,,,,,,,,,,,,,,,,,,,3,,,,,,,,3,36,3,2,,2,,,,,,,,,,,,,,,9,,1,,,,41,3,0,41,3,2,10,0,0,0,0,100
12/11/2010,Wheeler,2,Sheltered,Crest,1,21,21,,,,6,,,1,,,,1,,,,,,,3,,,1,1,,,,,,,,,,,,1,,,,,,,,,,,,,,,,,,1,,,,,,,,1,,,,,,,1,9,,1,9,,17,,,,,,,,,,,,,,,4,,1,,,,57,1,0,10,9,17,5,0,1,0,0,100
12/11/2010,Wheeler,2,Sheltered,Crest,2,20,34,,,,1,,,1,,,,2,,,,,,,1,,,,1,,,,,,,,,,,,,,,,,,,,,,,,,,,,,,,,,,,,,,2,,,,,,,,21,,,5,,11,,,,,,,,,,,,,,,1,,,,,,60,2,0,5,21,11,1,0,0,0,0,100
12/11/2010,Wheeler,2,Sheltered,Crest,3,26,7,3,,,1,,,2,,1,,2,,,,,,1,,,,,,,,,,,,,,,1,,,,,,,,,,,,,,,,,,,,,,,,,,,,1,1,,,,,,1,31,,,1,,20,,,,,,,,,,,,,,,1,,,,,,44,1,1,1,31,20,1,0,1,0,0,100
12/11/2010,Wheeler,2,Sheltered,Crest,4,21,12,5,,,,,,1,,2,,1,,,,,,2,2,,,1,,,,,,,,,,,,,1,,,,,,,,,,,,,,,,,,,,,,,,,,,,,,,,,,28,4,,3,,10,,1,,,,,,,,,,,,,6,,,,,,48,0,0,7,28,10,6,0,0,0,0,100
12/11/2010,Wheeler,2,Sheltered,Flat,1,18,2,4,,,3,,,2,,,,2,,,,,,2,1,1,,,,,,,,,,,,,,,,,,,,,,,,,,,,,,,,,,,,,,,,,2,,,,,,,,4,14,,12,,15,,,,,,,,,,,,,,,2,1,,15,,,35,2,0,26,4,15,3,15,0,0,0,100
12/11/2010,Wheeler,2,Sheltered,Flat,2,31,,2,,,1,,,5,,,,2,,,,,1,3,4,,,3,1,,1,,,,,,,,,,,,,,,,,,,,,,,,,,,,,,,,,,,,2,,,,,,,,8,6,3,,,18,,,,,,1,,,,,,,,,1,1,,6,,,54,2,0,9,8,18,3,6,0,0,0,100
12/11/2010,Wheeler,2,Sheltered,Flat,3,31,,,,,1,,,1,,,,3,,,,,3,2,,,,,,,,,,,,,,,,,,,,,,,,,,,,,,,,,,,,,1,,,,,,,,,,,,,,10,9,7,6,,15,,,,,,,,,,,,,,,4,,,7,,,42,0,0,22,10,15,4,7,0,0,0,100
12/11/2010,Wheeler,2,Sheltered,Flat,4,31,,,1,,2,,,2,,,1,1,,,,,1,1,1,,,,1,,1,,,,,,,,,1,,,,,,,,,,,,,,,,,,,,,,,,,,,,,,,,,,,11,9,5,,,16,,,,,,,,,,,,,,,3,,,12,,,44,0,0,14,11,16,3,12,0,0,0,100
13/11/2010,Wheeler,1,Exposed,Slope,1,33,6,,,,,10,,7,2,2,,6,,3,,,2,1,,1,,,,,,2,,,,,,,,,,,,,2,,,1,,,,,,,,,,1,,,,,,,1,,2,,,,,,,1,4,1,5,1,,0,,,,,,,,,,,,,,,4,,,,,3,80,2,0,7,4,0,4,0,1,3,0,101
13/11/2010,Wheeler,1,Exposed,Slope,2,27,9,,,1,21,,,1,,1,,4,8,,,,,1,,1,,,1,,,,6,,,,1,,,,,,,,,,,,,,,,,,,,,,,,,,,,1,,,,,,,,,,3,1,9,1,,2,,,,,,,,,,,,,,,,,,,1,,83,0,0,11,3,2,0,0,0,1,0,100
13/11/2010,Wheeler,1,Exposed,Slope,3,17,3,,,1,7,,,3,2,4,,3,,11,,2,1,2,1,,,,1,,1,,2,,2,,1,,,,,,,,1,,,,,,,,,,,,,,1,,,,1,,1,,,,3,,,,,2,11,1,2,,,8,,,,,,,,,,,,,,,4,,1,,,,68,0,3,3,11,8,5,0,2,0,0,100
13/11/2010,Wheeler,1,Exposed,Slope,4,24,4,,,,1,3,,6,2,,,1,,11,,,,3,3,,,1,1,,,,5,,,,,,,,1,,,,1,,,,,,,,,,,,,,,,,,,,,,2,,,,,,,,6,,7,,,8,,,,,,,,,,,,,,,7,,3,,,,67,2,0,7,6,8,10,0,0,0,0,100
13/11/2010,Wheeler,1,Exposed,Crest,1,32,24,10,,,4,,,7,,,,,,,,,,2,1,,,,,,,,,,,,,,,,,,,,,,,,,,,,,,,,,,,,,,,,,,1,1,,,,,,,11,,4,,,3,,,,,,,,,,,,,,,,,,,,,80,1,1,4,11,3,0,0,0,0,0,100
13/11/2010,Wheeler,1,Exposed,Crest,2,38,13,11,,,,5,,6,,3,,,,,,,2,,2,,,,,,,,,,,,,,,,,,,,,,,,,,,,,,,,,,,,,,,,,,,,,,,,,,17,1,1,,,0,,,,,,,,,,,,,,,,1,,,,,80,0,0,2,17,0,1,0,0,0,0,100
13/11/2010,Wheeler,1,Exposed,Crest,3,43,19,5,,,1,,,2,,,,1,,,,,,,1,,,,,,,,,,,,,,,,,,,,,,,,,,,,,,,,,,,,,,,,,,,,,,,,,,18,,3,,,7,,,,,,,,,,,,,,,,,,,,,72,0,0,3,18,7,0,0,0,0,0,100
13/11/2010,Wheeler,1,Exposed,Crest,4,49,12,6,,,,,,7,,1,,,,,,,,1,,,,,,,,,,,,,,,,,,,,,,,,,,,,,,,,,,,,,,,,,,,,,,,,,,,22,,,,,0,,,,,,,,,,,,,,,1,,1,,,,76,0,0,0,22,0,2,0,0,0,0,100
13/11/2010,Wheeler,1,Exposed,Flat,1,17,6,,,,1,,,3,,,,3,,,,,,,,,,1,,,,,,,,,,,,,,,,,,,,,,,,,,,,,,,,,,,,,,,,,,,,,1,,3,4,21,,,30,,,,,,,,,,,,,,,,,,9,,,31,0,0,25,3,30,0,9,1,0,1,99
13/11/2010,Wheeler,1,Exposed,Flat,2,14,,,,,,,,3,,,,1,,,,,1,1,,,,,1,,,,,,,,,,,,,,,,,,,,,,,,,,,,,,,,,,,,,,,1,,,,,,,16,3,13,,,28,,3,,,,2,,,,,,,,,2,,,11,,,21,0,1,16,16,28,4,11,0,0,0,100
13/11/2010,Wheeler,1,Exposed,Flat,3,28,6,,,,2,,,3,,,,1,,,,,,1,,,,,,,,,,,,,,,,,,,,,,,,,,,,,,,,,,,,,,,,,,,,,,,,,,,16,11,8,,,16,,2,,,,,,,,,,,,,2,,,3,1,,41,0,0,19,16,16,2,3,0,1,0,100
13/11/2010,Wheeler,1,Exposed,Flat,4,23,3,,,,,,,6,,,,1,,,,,,,1,,,,,,,,,,,,,,,,,,,,,,,,,,,,,,,,,,,,,,,,,,,,,,,,,,8,5,7,2,,40,,,,,,,,,,,,,,,,,,4,,,34,0,0,14,8,40,0,4,0,0,0,100
13/11/2010,Wheeler,2,Exposed,Slope,1,11,7,3,,,3,3,,12,1,2,2,1,,,,,1,2,1,1,,8,,,,2,,,,,,,,,,,,1,,,,1,,,,,,,,,,,,,,,,,1,,7,,,,,,1,,5,,2,,,18,,,,,,,,,,,,,,,2,2,,,,,63,7,0,2,5,18,4,0,1,0,1,100
13/11/2010,Wheeler,2,Exposed,Slope,2,19,8,,,,4,,,16,1,1,,1,,7,,,,,,2,,2,1,,1,2,,,,,,,,,1,,,,,,,,,,,,,,,1,,,1,,,,1,,,,15,,,,,,,2,2,,,,,10,,1,,,,,,,,,,,,,1,,,,,,69,15,0,0,2,10,1,0,2,0,0,100
13/11/2010,Wheeler,2,Exposed,Slope,3,9,6,,,,5,,,22,1,,,,,6,,,1,1,2,,,3,,,1,1,,,,,,,,,1,,,,,,,,,,,,,,,,,,,,,,,,,,16,,,,,,,,4,,,,,12,,,,,,,,,,,,,,,8,,,,,,59,16,0,0,4,12,8,0,0,0,0,99
13/11/2010,Wheeler,2,Exposed,Slope,4,19,7,,,,,,,12,2,2,,,,11,,,,1,,2,,2,,,1,,,,,,,,,,1,,,,,,,,,,,,,,,1,,1,,,,,1,,,,20,1,,,,,,,8,,,,,4,,2,,,,,,,,,,,,,1,1,,,,,63,20,1,0,8,4,2,0,0,0,0,100
13/11/2010,Wheeler,2,Exposed,Crest,1,33,4,6,,,,,,2,,,,,1,,,,,1,1,,,,,,,,,,,,,,2,,,,,,,,,,,,,,,,,,,,,,,,,,,,,,,,,,,,15,,,,,34,,,,,,,,,,,,,,,,1,,,,,50,0,0,0,15,34,1,0,0,0,0,100
13/11/2010,Wheeler,2,Exposed,Crest,2,28,13,4,,,,,,3,,,,,1,,,,,,,1,,1,,,,,,,,,,,,,,,,,,,,,,,,,,,,,,,,,,,,,,,,2,,,,,,,1,,2,,,42,,1,,,,,,,,,,,,,1,,,,,,51,0,2,2,1,42,1,0,0,0,0,100
13/11/2010,Wheeler,2,Exposed,Crest,3,32,9,13,,,,,,2,,,,1,,,,,,,1,1,,,,,,,,,,,,,,,,,,,,,,,,,,,,,,,,,,,,,,,,,,,,,,,,,6,,,,,35,,,,,,,,,,,,,,,,,,,,,59,0,0,0,6,35,0,0,0,0,0,100
13/11/2010,Wheeler,2,Exposed,Crest,4,43,7,3,,,,,,2,,,,,,,,,,,,,,,,,,,,,,,,,,,,,,,,,,,,,,,,,,,,,,,,,,,,,,1,,,,,,1,9,,,,,29,,2,,,,,,,,,,,,,3,,,,,,55,0,1,0,9,29,3,0,1,0,0,100
13/11/2010,Wheeler,2,Exposed,Flat,1,9,,2,,,,,,2,,,,2,,,,,,2,2,,,,,,,,,,,,,,,,,,,,,,,,,,,,,,,,,,,,,,,,,,,,,,,,,,19,25,,6,,14,,,,,,,,,,,,,,1,,,,16,,,19,0,0,31,19,14,1,16,0,0,0,100
13/11/2010,Wheeler,2,Exposed,Flat,2,15,1,6,,,,,,3,,,,1,,,1,,,1,1,,,,,,,,,,,,,,,,,,,,,,,,,,,,,,,,,,,,,,,,,,,,1,,,,,,23,17,,2,,8,,,,,,,,,,,,,,,,,,20,,,29,0,1,19,23,8,0,20,0,0,0,100
13/11/2010,Wheeler,2,Exposed,Flat,3,8,,6,,,,,,5,,,,,,,,,,2,,,,,,,,,,,,,,,,,,,,,,,,,,,,,,,,,,,,,,,,,,,1,,,,,,,,21,19,1,,,10,,,,,,,,,,,,,,,,,,27,,,21,1,0,20,21,10,0,27,0,0,0,100
13/11/2010,Wheeler,2,Exposed,Flat,4,6,,2,,,,,,1,,,,,,,,,,1,,,,,,,,,,,,,,,,,,,,,,,,,,,,,,,,,,,,,,,,,,,,,,,,,,,11,20,4,1,,29,,4,,,,,,,,,,,,,,,,21,,,10,0,0,25,11,29,0,21,0,0,0,100
14/11/2010,Wheeler,3,Sheltered,Slope,1,10,1,1,,,3,,,4,4,4,,2,,,,,1,,2,,,2,,,,,,,,,,,,,,,,,,,,,,,,1,,,,,,,,,,,1,,,,5,,1,,,1,1,,8,24,10,,,3,,,,,,,,,,,,,,,11,,,,,,36,5,1,34,8,3,11,0,2,0,1,100
14/11/2010,Wheeler,3,Sheltered,Slope,2,15,4,,1,,2,,2,6,4,2,,1,,,,,,,,,,,,,,,,,,,,,,,1,,,,,,,,,,,,,,,,,,,,,,,,,,1,,,,,,,,2,35,8,,,4,,,,,,1,,,,,,,,,11,,,,,,38,1,0,43,2,4,12,0,0,0,0,100
14/11/2010,Wheeler,3,Sheltered,Slope,3,11,10,1,,,,,,3,2,,,9,,1,,,1,1,4,,,1,,,1,,1,,,,1,,,,,,,,,,,,,,,,,,,,,,,,,,,,,,3,,,,,1,,,1,22,14,1,,1,,,,,,,,,,,,,,,7,,,,,3,47,3,0,37,1,1,7,0,1,3,0,100
14/11/2010,Wheeler,3,Sheltered,Slope,4,5,,2,,,3,,,7,,,,3,,2,,,1,,,,,1,,,1,,,,,,,,,,,,,,,,,,,,1,,,,,1,,,,,,,,,1,,5,,,,,,,,1,28,8,3,,4,,1,,,,,,,,,,,,,20,,2,,,,28,5,0,39,1,4,22,0,0,0,0,100
14/11/2010,Wheeler,3,Sheltered,Crest,1,19,9,,,,3,,,6,,,1,5,,,,,1,2,3,1,,,1,,,2,,,,,1,,,,,,,1,,,,,,,,,,,,,,,,,,,,,,,5,1,,,,,,2,13,,,,,17,,,,,,,,,,,,,,,7,,,,,,55,5,1,0,13,17,7,0,2,0,0,100
14/11/2010,Wheeler,3,Sheltered,Crest,2,8,4,1,,,6,,,6,,,,5,,,,,1,3,2,,,4,3,,,,,,,,3,,1,,1,,,,,,,,,,,,,,,,,,,,,,,,,,4,,,,,,,,6,11,,,,12,,,,,,,,,,,,,,,19,,,,,,48,4,0,11,6,12,19,0,0,0,0,100
14/11/2010,Wheeler,3,Sheltered,Crest,3,12,14,3,,,3,,,11,,,,3,,,,,,,2,,,1,,,,1,,,1,,2,,,,2,,,,,,,,,,,1,,,1,,,,,,,,1,,,,3,,,,,,,,12,,,,,13,,,,,,,,,,,,,,,14,,,,,,58,3,0,0,12,13,14,0,0,0,0,100
14/11/2010,Wheeler,3,Sheltered,Crest,4,6,6,4,1,,4,,,7,,,,11,,,,,,,3,,,1,,,,,,,,,2,,,,1,,,,,,,,,,,,,,,,,,,,,,2,,,,7,,,,,,,1,17,,1,,,2,,,,,,,,,,,,,,,24,,,,,,48,7,0,1,17,2,24,0,1,0,0,100
14/11/2010,Wheeler,3,Sheltered,Flat,1,15,5,21,,,,,,2,,,,3,,,,,,2,2,,,,,,,,,,,,1,,,,,,,1,,,,,,,,,,,,,,,,,,,,,,,,,,,,,,,12,6,3,4,,21,,,,,,,,,,,,,,,1,1,,,,,52,0,0,13,12,21,2,0,0,0,0,100
14/11/2010,Wheeler,3,Sheltered,Flat,2,8,2,16,,,1,,,3,,,,1,,,,,2,2,1,2,,,,,,,,,,,1,,,,2,,,,,,,,,,,,,,,,,,,,,,,,,,,,,,,,,,6,12,4,6,,10,,,,,,,,,,,,,,,1,,,20,,,41,0,0,22,6,10,1,20,0,0,0,100
14/11/2010,Wheeler,3,Sheltered,Flat,3,3,1,11,,,1,,,4,,1,,2,,,,,2,1,,,,,,,,,,,,,1,,,,,,,,,,,,,,,,,,,,,,,,,,,,,,,,,,,,,,2,23,9,7,,17,,,,,,1,,,,,,,,,,,,14,,,27,0,0,39,2,17,1,14,0,0,0,100
14/11/2010,Wheeler,3,Sheltered,Flat,4,4,2,3,,,,,,5,,1,,,,,,,2,,2,,,,,,,,,,,,,,,,,,,,,,,,,,,,,,,,,,,,1,,,,,,,,,,,,,,1,20,9,15,,13,,,,,,,,,,,,,,2,,2,,18,,,20,0,0,44,1,13,4,18,0,0,0,100
15/11/2010,Davies,1,Sheltered,Slope,1,6,2,,,,1,,1,4,,2,,9,,,,,,,2,1,,,,,,,,,1,,,,,,,,,,1,,,1,,,1,,,,,1,,,,,,,,,,,5,,,,,,1,,11,4,20,,,16,1,1,,,,,,,,,,,,,5,2,,1,,,33,5,0,24,11,16,7,1,2,0,1,100
15/11/2010,Davies,1,Sheltered,Slope,2,7,2,,,,4,,,5,1,3,,6,,,,,2,1,1,,,,1,,,,,,1,,,,,,,,,,,,,,,,,,,,,,,,,1,,,,,1,,3,,,,,,,,5,1,7,,,17,19,,,,,,,,,,,,,,6,4,,2,,,36,3,0,8,5,17,10,2,19,0,0,100
15/11/2010,Davies,1,Sheltered,Slope,3,3,,,,,2,,,8,2,2,,5,,,,1,1,1,,1,,2,,,1,,,,4,,,,,,,,,,,,,,,,,,,,,,,,,,,,3,,,,4,1,,,,,,,16,7,3,,,5,19,,,,,,,,,,,,,,5,2,,,1,1,36,4,1,10,16,5,7,0,19,2,0,100
15/11/2010,Davies,1,Sheltered,Slope,4,10,1,,,,7,,,6,,,,5,,,,,,,,2,,,,,,,,,3,,,,,,,,,,,,,,,,,,,1,,,,,,,1,,,,,,6,,,,,,,,17,,3,,,4,22,,,,,,,,,,,,,,9,2,,1,,,36,6,0,3,17,4,11,1,22,0,0,100
15/11/2010,Davies,1,Sheltered,Crest,1,8,4,2,,,5,,,2,,1,,6,,,,,,3,3,1,,3,2,,,,1,,2,,,,,,2,,,,,,,,,,,,,,,,,,,,,,1,,1,,2,2,,,,1,3,,27,3,,,,6,,,,,,,,,,,,,,,8,,,1,,,47,2,2,3,27,6,8,1,4,0,3,100
15/11/2010,Davies,1,Sheltered,Crest,2,13,,1,1,,2,,,4,,2,,1,,,,1,1,,4,1,,2,,,,,1,,1,,,,,1,,,,1,,,,,,,,,,,,,,,,,1,,,,,,5,1,,,,1,,,26,,1,,,19,4,,,,,,,,,,,,,,5,,,,,,38,5,1,1,26,19,5,0,5,0,0,100
15/11/2010,Davies,1,Sheltered,Crest,3,9,3,7,,,2,,,4,,2,,3,4,,,,1,1,2,1,,2,,,1,,,,,,,,,,,,,,,,,,,,,,,,,,,,,,,,,,,,3,3,,,,,,,21,6,1,1,,17,1,,,,,,,,,,,,,,2,1,,2,,,42,3,3,8,21,17,3,2,1,0,0,100
15/11/2010,Davies,1,Sheltered,Crest,4,12,1,2,,,2,,,2,,8,,6,,,,,,1,1,3,,,,,,,,,2,,,,,,,,,,,,,,,,,,,,,,,,,,,,,,,,5,3,,,,1,,,22,,,,,15,,,,,,2,,,,,,,,,9,1,,2,,,40,5,3,0,22,15,12,2,1,0,0,100
15/11/2010,Davies,1,Sheltered,Flat,1,15,3,9,3,,2,,,7,,,,1,,,,,1,1,1,,,1,,,,,,,,,,,,,,,,,,,,,,,,,,,,,,,,,,,,,,,,,,,,,,,7,6,3,,,30,,,,,,,,,,,,,,,3,,,7,,,44,0,0,9,7,30,3,7,0,0,0,100
15/11/2010,Davies,1,Sheltered,Flat,2,12,2,8,,,1,,,2,,,,2,,,,,,,1,,,,,,,,,,,,,,,,,,,,,,,,,,,,,,,,,,,,,,,,,,,,,,,,,,21,13,2,,,23,,,,,,,,,,,,,,,1,,,12,,,28,0,0,15,21,23,1,12,0,0,0,100
15/11/2010,Davies,1,Sheltered,Flat,3,19,,10,,,,,,1,,1,,,,,,,,,1,,,1,1,,,,,,,,,,,,,,,,,,,,,,,,,,,,,,,,,,,,,,,,,,,,,,34,2,5,,,16,,,,,,,,,,,,,,,,1,,8,,,34,0,0,7,34,16,1,8,0,0,0,100
15/11/2010,Davies,1,Sheltered,Flat,4,21,3,10,,,,,,1,,,,2,,,,,1,,1,,,,,,,,,,,,,,,,1,,,,,,,,,,,,,,,,,,,,,,,,,,,,,,,,,,13,8,6,,,22,,,,,,,,,,,,,,,3,,,8,,,40,0,0,14,13,22,3,8,0,0,0,100
15/11/2010,Davies,2,Sheltered,Slope,1,5,3,,1,,2,,,8,2,3,,6,,,,,,2,,1,,4,,,,,,,,,,,,1,2,,,,1,,,,,,1,,,,1,1,,,,,,,,,,,10,,,,,,,,10,1,3,,,3,18,,,,,2,,,,,,,,,9,,,,,,44,10,0,4,10,3,11,0,18,0,0,100
15/11/2010,Davies,2,Sheltered,Slope,2,8,1,,3,,5,1,,5,3,1,,9,,,,,3,,1,,,3,,,,1,,1,,,,,,1,1,,,,,,,1,,,,,1,,1,,,,,,,,,,2,,1,,,,,,,,10,4,4,,,2,13,1,,,,,,,,,,,,,13,,,,,,52,1,0,8,10,2,13,0,13,0,0,100
15/11/2010,Davies,2,Sheltered,Slope,3,8,2,,,,3,,,7,2,2,,9,,,,,,2,3,,,2,1,,,,,,,,,,,1,,,,,,,,2,,,,,,,,2,,,,,,,,,3,,5,,,,,,,1,6,1,5,,,7,17,,,,,,,,,,,,,,8,,,,,,49,5,0,6,6,7,8,0,18,0,0,99
15/11/2010,Davies,2,Sheltered,Slope,4,6,,,1,,,2,,5,,,,6,,,,,3,2,1,2,,,,,,,,2,1,,,,,,,,,,,,,,,,,,,2,,,,2,,1,,,1,,2,,6,1,,1,,,,,4,,,,,3,29,,,,,1,,,,,,,,,16,,,,,,39,6,1,0,4,3,17,0,30,0,0,100
15/11/2010,Davies,2,Sheltered,Crest,1,20,3,2,,,2,,,3,,3,,5,,,,,,,,,,,,,1,1,,,,,,,,,,1,,,,,,,,,,,,,,,,,,,,,,,,,3,1,,,,,,,23,,,,,23,1,,,,,,,,,,,,,,7,,,,,,41,3,1,0,23,23,7,0,1,0,0,99
15/11/2010,Davies,2,Sheltered,Crest,2,24,12,3,,,2,2,,5,,,,4,,,,,1,,3,1,,3,3,1,,1,,,,,,,,,,,,,,,,,,,,,,,,,,,,,,4,,,,,,2,,,,,,,8,,,1,,14,,,,,,,,,,,,,,,5,,,,,,69,0,2,1,8,14,5,0,0,0,0,99
15/11/2010,Davies,2,Sheltered,Crest,3,21,8,4,1,,2,,,5,,2,,1,,,,,3,1,2,1,,,,,,,,,,,1,,,,,,,,,,,,,,,,,,,,,,,,,,,,,,3,,,,,,,,22,,,,,17,,,,,,,,,,,,,,,6,,,,,,52,3,0,0,22,17,6,0,0,0,0,100
15/11/2010,Davies,2,Sheltered,Crest,4,18,4,13,,,2,,,6,,1,,4,,,,,1,1,2,1,,,1,,,1,,,,,,,,,1,,,2,,,,,,,,,,,1,,,,,,,,,,1,,1,,,,,,,,11,,1,,,22,2,,,,,,,,,,,,,,3,,,,,,60,1,0,1,11,22,3,0,2,0,0,100
15/11/2010,Davies,2,Sheltered,Flat,1,16,6,5,,,2,,,5,,,,3,,,,,,,1,,,1,,,,,,,,,,,,,,,,,,,,,,,,,,,,,,,,,,,,,,,,,,,,,,,8,2,5,1,,37,,,,,,,,,,,,,,,,1,,7,,,39,0,0,8,8,37,1,7,0,0,0,100
15/11/2010,Davies,2,Sheltered,Flat,2,11,3,4,,,1,,,8,,,,3,,,,,,1,,,,1,1,,,,,,,,,,1,,1,,,,,,,,,,,,,,,,,,,,,,,,,,,1,,,,1,,,16,,7,1,,26,,,,,,,,,,,,,,,,2,,11,,,35,0,1,8,16,26,2,11,1,0,0,100
15/11/2010,Davies,2,Sheltered,Flat,3,15,3,8,,,2,,,8,,,,1,,,,,2,1,2,1,,,,,,,,,,,,,,,1,,,,,,,,,,,,,,,,,,,,,,,,,,,,,,,,,,10,4,2,3,,24,,,,,,,,,,,,,,,1,1,,11,,,44,0,0,9,10,24,2,11,0,0,0,100
15/11/2010,Davies,2,Sheltered,Flat,4,14,3,9,,,2,,,7,,3,,3,,,,,,,1,,,1,,,,,,,,,,,,,1,,,,,,,,,,,,,,,,,,,,,,,,,,3,,,,,,,,11,7,9,3,,17,,,,,,,,,,,,,,,5,,,1,,,44,3,0,19,11,17,5,1,0,0,0,100
16/11/2010,Davies,1,Exposed,Slope,1,18,1,,2,,2,,,7,,5,,3,3,,,,,,3,2,,,3,,1,2,,,,,,,,2,1,,,,1,,,,,,,,,,,,,,,1,,,2,,,,6,1,,,,,,,4,2,4,,,3,,,,,,,,,,,,,,,21,,,,,,59,6,1,6,4,3,21,0,0,0,0,100
16/11/2010,Davies,1,Exposed,Slope,2,13,3,1,1,,3,,,8,2,1,,3,,,,,,1,3,3,,1,1,,,1,,1,,1,,,,1,,,,,2,,,1,,1,,,,,,,,,,,,,1,,,,4,,,,,,,,6,1,5,,,4,,,,,,,,,,,,,,,26,,,1,,,53,4,0,6,6,4,26,1,0,0,0,100
16/11/2010,Davies,1,Exposed,Slope,3,18,2,1,,,,,,4,2,,,4,1,,,,,,1,,,,2,,,1,,6,,1,,,,,1,,,,,,,,,,,,,,,,,,,,,,,,,,7,,,,,,,,5,8,7,1,,5,,1,,,,,,,,,,,,,22,,,,,,44,7,0,16,5,5,22,0,0,0,0,100
16/11/2010,Davies,1,Exposed,Slope,4,8,1,,1,,,,,7,4,2,,4,1,5,,,2,,4,,,1,,,,,1,3,,,,,,,1,,,,,,,,,,,,,,,1,,1,,,,1,1,,,,5,,1,,,,,,7,6,4,,,6,2,,,,,1,,,,,,,,,18,,,,1,,49,5,1,10,7,6,19,0,2,1,0,100
16/11/2010,Davies,1,Exposed,Crest,1,33,6,5,,,1,,,4,,2,,2,,,,,,,,,,,,,,,,,,,,,,1,,,,,,,,,,,,,,,,,,,,,,,,,,,1,,,,,,,,24,,2,,,10,2,,,,,,,,,,,,,,7,,,,,,54,1,0,2,24,10,7,0,2,0,0,100
16/11/2010,Davies,1,Exposed,Crest,2,23,4,2,,,,,,5,,4,,,,,,,,,,,,,,,,,,,,,,,,,,,,1,,,,,,,,,,,,,,,,,,,,,,,1,,,,,,,,23,,4,,,31,,,,,,,,,,,,,,,1,,,,,,39,1,0,4,23,31,1,0,0,0,0,99
16/11/2010,Davies,1,Exposed,Crest,3,23,15,3,,,,,,5,,,,,,,,,,,,1,,,,,,,,,,,,,,,3,,,,,,,,,,,,,,,,,,,,,,,,,,,,,,,,,,15,1,,,,26,,2,,,,,,,,,,,,,3,,,3,,,50,0,0,1,15,26,3,3,0,0,0,100
16/11/2010,Davies,1,Exposed,Crest,4,7,3,4,,,,,,9,,1,,1,,,,,,,,,,1,,,,,,,,,,,,,,,,,,,,,,,,,,,,,,,,,,,,,,,,3,2,,,,,,30,,,,,16,,,,,,,,,,,,,,,23,,,,,,26,0,5,0,30,16,23,0,0,0,0,100
16/11/2010,Davies,1,Exposed,Flat,1,23,13,2,,,,,,3,,,,1,,,,,1,,2,,,,,,,,,,,,,,,,,,,,,,,,,,,,,,,,,,,,,,,,,,7,,,,,,,,8,2,1,,,19,,,,,,,,,,,,,,,1,,,17,,,45,7,0,3,8,19,1,17,0,0,0,100
16/11/2010,Davies,1,Exposed,Flat,2,26,7,8,,,1,,,1,,,,,,,,,,1,2,,,,,,,,,,,,1,,,,,,,,,,,,,,,,,,,,,,,,,,,,,,,,,,,,,,17,1,,,,21,,,,,,,,,,,,,,,,,,14,,,47,0,0,1,17,21,0,14,0,0,0,100
16/11/2010,Davies,1,Exposed,Flat,3,29,2,5,,,,,,1,,,,3,,,,,,,,,,,,,,,,,,,,,,,,,,,,,,,,,,,,,,,,,,,,,,,,,3,,,,,1,,,21,2,3,,,16,,,,,,,,,,,,,,,6,,,8,,,40,3,0,5,21,16,6,8,1,0,0,100
16/11/2010,Davies,1,Exposed,Flat,4,14,1,8,,,,,,2,,,,,,,,,,,1,,,,,,,,,,,,,,,,,,,,,,,,,,,,,,,,,,,,,,,,,,,,,,,,,,12,3,,,,22,,3,,,,3,,,,,,,,,3,,3,25,,,26,0,0,3,12,22,9,25,0,0,0,100
16/11/2010,Davies,2,Exposed,Slope,1,21,7,,,,2,1,,9,3,1,,2,2,,,,1,2,1,,,,2,,,,1,2,3,1,,,,,,1,,1,1,,,1,,,,,,,,,,,,,,,1,,,,2,,,,,1,,,7,,,,,4,,,,,,,,,,,,,,,20,,,,,,66,2,0,0,7,4,20,0,1,0,0,100
16/11/2010,Davies,2,Exposed,Slope,2,19,5,,1,,2,1,,5,3,1,1,3,1,,2,,,,1,,,2,,,,,1,,1,2,,,,,,,,,,,,1,,,,,,,,,,,,,,1,2,,,,6,,1,,,,1,,6,,2,,,8,1,,,,,,,,,,,,,,20,,,,,,55,6,1,2,6,8,20,0,2,0,1,100
16/11/2010,Davies,2,Exposed,Slope,3,12,2,2,1,,4,,,8,1,,,2,1,,,1,1,,3,2,,,,,,,3,1,1,1,,,,,,,,4,,,,,,,,,,,,1,,,,,,2,3,1,1,,3,2,,,,,1,,9,,,,,5,,,,,,,,,,,,,,,22,,,,,,58,3,2,0,9,5,22,0,1,0,1,100
16/11/2010,Davies,2,Exposed,Slope,4,15,3,,1,,2,1,,11,1,2,,3,2,,,,,1,2,2,,1,2,,1,,1,,2,,,,,1,,,,2,1,,,,,,1,,,,,,,,,,,1,,,,,2,,,,,,1,,4,,2,2,,4,,,,,,,,,,,,,,,26,,,,,,59,2,0,4,4,4,26,0,1,0,1,100
16/11/2010,Davies,2,Exposed,Crest,1,24,8,3,,,,,,3,,2,,5,,,,,,,,,,,2,,,,,,,,2,,,,,,,,,,,,,,,,,,,,,,,,,,,,,,4,,,,,,,,27,,1,,,19,,,,,,,,,,,,,,,,,,,,,49,4,0,1,27,19,0,0,0,0,0,100
16/11/2010,Davies,2,Exposed,Crest,2,21,2,9,1,,1,,,3,,1,,1,,,,,,,1,1,,,,,,,,,,,,,,,,,,,,,,,,,,,,,,,,,,,,,,,,,,7,1,,,,,,29,,1,,,17,,,,,,,,,,,,,,,4,,,,,,41,0,8,1,29,17,4,0,0,0,0,100
16/11/2010,Davies,2,Exposed,Crest,3,20,2,9,,,,,,6,,7,,3,,,,,1,,,,,,1,,,,,,,,,,,,,,,,,,,,,,,,,,,,,,,,,,,,,,,1,,,,,,,26,,,,,17,,,,,1,,,,,,,,,,6,,,,,,49,0,1,0,26,17,7,0,0,0,0,100
16/11/2010,Davies,2,Exposed,Crest,4,31,3,10,,,,,,7,,3,,1,,,,,,,,,,,,,,,,,,,,,,,,,,,,,,,,,,,,,,,,,,,,,,,,,1,,,,,,,,19,,,,,23,,,,,,,,,,,,,,,2,,,,,,55,1,0,0,19,23,2,0,0,0,0,100
16/11/2010,Davies,2,Exposed,Flat,1,20,9,2,,,,,,1,,,,,,,,,,,,1,,,,,,,,,,,,,,,,,,,,,,,,,,,,,,,,,,,,,,,,,,,,,,,,,12,12,1,,,18,,,,,,,,,,,,,,,,,,24,,,33,0,0,13,12,18,0,24,0,0,0,100
16/11/2010,Davies,2,Exposed,Flat,2,17,4,5,,,1,,,3,,,,1,,,,,,,,,,,,,1,,,,,,,,,,,,,,,,,,,,,,,,,,,,,,,,,1,,,,,,,,,,,7,13,1,,,12,,7,,,,,,,,,,,,,1,,,26,,,33,0,0,14,7,12,1,26,0,0,0,100
16/11/2010,Davies,2,Exposed,Flat,3,13,7,5,1,,,,,2,,,,1,,,,,1,,1,,,,,,,,,,,,,,,,,,,,,,,,,,,,,,,,,,,,,,,,,,,,,,,,,,4,4,1,,,24,,5,,,,,,,,,,,,,3,,,25,,,31,0,0,5,4,24,3,25,0,0,0,97
16/11/2010,Davies,2,Exposed,Flat,4,15,5,2,,,,,,3,,,,,,,,,1,,1,,,,,,,,,,,,,,,,,,,,,,,,,,,,,,,,,,,,,,,,,,,,,,,,,,11,11,2,2,,21,,4,,,,,,,,,,,,,1,,,21,,,27,0,0,15,11,21,1,21,0,0,0,100
17/11/2010,Davies,3,Exposed,Slope,1,10,3,,,,,,,8,2,3,,8,6,,,,1,1,1,,,1,2,,1,,1,1,,,,,,1,2,1,,,2,,,,,,,,,,,,,,,,,,3,1,,,,,,,,,,,9,7,1,,,4,,,,,,,,,,,,,,,20,,,,,,59,0,0,8,9,4,20,0,0,0,0,100
17/11/2010,Davies,3,Exposed,Slope,2,6,8,,,,,,,10,1,2,1,4,3,,,1,1,2,2,2,,1,1,,,,4,,1,,,,,1,2,,,,,,,,,,,,,2,,,,,,,,1,5,,,,5,2,,,,,,,9,,2,,,6,1,,1,,,,,,,,,,,,13,,,,,,61,5,2,2,9,6,14,0,1,0,0,100
17/11/2010,Davies,3,Exposed,Slope,3,3,4,,1,,1,,,9,,1,4,5,4,4,,,1,2,1,2,1,2,,,1,,,,1,,,,,2,,,,,7,,,,,,,,,,,,,,,,,1,,1,,,5,1,,,,,,,4,2,,,,6,,,1,,,,,,,,,,,,23,,,,,,58,5,1,2,4,6,24,0,0,0,0,100
17/11/2010,Davies,3,Exposed,Slope,4,3,3,,4,,2,,,4,,2,18,8,1,,,,1,,2,,,1,1,,,,,,,,,,,1,,,,,1,,,,,,,,,,,,,2,,,,,1,,,,6,,,,,,,,5,2,3,,,8,,2,1,,,,,,,,,,,,18,,,,,,55,6,0,5,5,8,19,0,0,0,0,100
17/11/2010,Davies,3,Exposed,Crest,1,21,4,4,1,,3,,,3,,1,,3,,,,,,,2,,,,,,,,,,,,,,,,1,,,,,,,,,,,,,,,,,,,,,,,,,,2,,,,,,,,30,,,,,22,,,,,,,,,,,,,,,3,,,,,,43,2,0,0,30,22,3,0,0,0,0,100
17/11/2010,Davies,3,Exposed,Crest,2,15,6,9,1,,1,,,4,,1,,1,,,,,,,3,,,,,,,,,,,,1,1,,,1,,,,,,,,,,,,,,,,,,,,,,,,,,2,2,,,,,,,11,,,,,34,,4,,,,,,,,,,,,,3,,,,,,44,2,2,0,11,34,3,0,0,0,0,100
17/11/2010,Davies,3,Exposed,Crest,3,14,3,6,,,,,,4,,2,,1,,,,,,,1,1,,,,,,,,,,,1,,,,2,,,,,,,,,,,,,,,,,,,,,,,,,,3,3,,,,,,,17,,,,,34,,4,,,,,,,,,,,,,1,2,,1,,,35,3,3,0,17,34,3,1,0,0,0,100
17/11/2010,Davies,3,Exposed,Crest,4,15,5,9,,,,,,9,,1,,,,,,,,,,1,,,,,,,,,,,,,,,,,,1,,,,,,,,,,,,,,1,,,,,,,,,1,,,,,,,,14,,,,,40,,2,,,,,,,,,,,,,1,,,,,,42,1,0,0,14,40,1,0,0,0,0,100
17/11/2010,Davies,3,Exposed,Flat,1,15,6,12,1,,,,,5,,,,,,,,,,,2,2,,,,,,,,,,,,,,,,,,,,,,,,,,,,,,,,,,,,,,,,,1,,,,,,,,18,2,,,,26,,,,,,,,,,,,,,,,,,10,,,43,1,0,2,18,26,0,10,0,0,0,100
17/11/2010,Davies,3,Exposed,Flat,2,21,5,8,,,,,,3,,,,,,,,,,,3,2,,,,,,,,,,,,,1,,,,,,,,,,,,,,,,,,,,,,,,,,,,,,,,,,,,22,10,,,,8,,3,,,,,,,,,,,,,,,,14,,,43,0,0,10,22,8,0,14,0,0,0,100
17/11/2010,Davies,3,Exposed,Flat,3,11,3,8,,,,,,,,,,1,,,,,1,,2,,,,,,,,,,,,,,,,,,,,,,,,,,,,,,,,,,,,,,,,,,,,,,,,,,16,10,,,,9,,1,,,,,,,,,,,,,,,,38,,,26,0,0,10,16,9,0,38,0,0,0,100
17/11/2010,Davies,3,Exposed,Flat,4,16,1,6,,,,,,2,,,,,,,,,,,1,,,,,,,,,,,,,,,,,,,,,,,,,,,,,,,,,,,2,,,,,,,,,,,,,,,19,3,,,,12,,3,,,,,,,,,,,,,,,,35,,,28,0,0,3,19,12,0,35,0,0,0,100
17/11/2010,Davies,3,Sheltered,Slope,1,10,1,,,,1,,,8,2,,3,4,3,2,,,2,,,3,,2,,,,,2,,2,3,,,,,,,1,,,,,,,,,,2,,,1,,,,,,1,,,,,8,,,,,,,,13,4,6,,,5,2,,1,,,,,,,,,,,,8,,,,,,53,8,0,10,13,5,9,0,2,0,0,100
17/11/2010,Davies,3,Sheltered,Slope,2,8,2,,1,,2,,,5,,,,3,2,2,,1,1,2,4,,,,1,,,,1,1,3,1,,,,2,,,,,2,,,3,,,,,,2,,,,1,,,,,1,,,,6,,,,,,,,12,,6,,,11,6,,,,,,,,,,,,,,8,,,,,,51,6,0,6,12,11,8,0,6,0,0,100
17/11/2010,Davies,3,Sheltered,Slope,3,6,,,,,4,1,,4,,4,,3,2,2,1,,,1,3,2,,,,,,,,1,2,1,,,,,,,2,,,,,,,,,,,5,2,3,,,,1,,1,1,,,,3,,,,,1,,,10,3,6,,,4,3,,3,,,,,,,,,,,,15,,,,,,52,3,0,9,10,4,18,0,4,0,0,100
17/11/2010,Davies,3,Sheltered,Slope,4,6,,,,,2,,,5,,,,12,1,,1,,1,,,1,,4,,,,,1,,4,1,,,,,1,,,,,,,,,,,,,,2,,,,,,,2,1,,,,6,,,,,,,,14,4,6,,,6,,,,,,,,,,,,,,,18,,,1,,,45,6,0,10,14,6,18,1,0,0,0,100
17/11/2010,Davies,3,Sheltered,Crest,1,19,4,5,,,1,,,7,,4,,1,1,,,,,,1,,1,,,,,2,,,,,,,,,,,,,,,,,,,,,,,,,,,,,,,,,,,2,1,1,,,,,,26,3,1,,,16,,,,,,,,,,,,,,,3,1,,,,,46,2,2,4,26,16,4,0,0,0,0,100
17/11/2010,Davies,3,Sheltered,Crest,2,20,3,3,1,,,,,4,,3,,6,,,,,,,2,,,1,1,,,,,,2,,,,,,,,,,,,,,,,,,,,,,,,,,,,,,,,2,,,,,,,,33,,5,,,11,,,,,,,,,,,,,,,3,,,,,,46,2,0,5,33,11,3,0,0,0,0,100
17/11/2010,Davies,3,Sheltered,Crest,3,24,11,7,,,1,,,1,,3,,1,,,,,1,,,,,,1,,,,,,,,,4,,,1,,,,,,,,,,,,,,,,,,,,,,,1,,,1,3,,,,,,,15,,1,,,22,,,,,,,,,,,,,,,2,,,,,,56,1,3,1,15,22,2,0,0,0,0,100
17/11/2010,Davies,3,Sheltered,Crest,4,24,2,3,,,1,,,3,,3,,2,1,,,,,,,,,1,1,,,,,,1,,,,,,1,,,,,,,,,,,,,,,,,1,,,,,,,,,3,,,,,,,,29,,,,,17,,,,,,,,,,,,,,,7,,,,,,44,3,0,0,29,17,7,0,0,0,0,100
17/11/2010,Davies,3,Sheltered,Flat,1,6,10,10,,,,,,3,,,,4,,,,,,,,,,,,,,,,,,,,,,,,,,,,,,,,,,,,,,,,,,,,,,,,,1,,,,,,,,17,,6,,,31,,,,,,,,,,,,,,,,1,,11,,,33,1,0,6,17,31,1,11,0,0,0,100
17/11/2010,Davies,3,Sheltered,Flat,2,22,13,7,1,,,,,8,,,,,,,,,1,,2,,,,,,1,,,,,,,,,,,,,,,,,,,,,,,,,,,,,,,,,,,,6,,,,,,,,11,,1,,,20,,,,,,1,,,,,,,,,1,1,,4,,,55,6,0,1,11,20,3,4,0,0,0,100
17/11/2010,Davies,3,Sheltered,Flat,3,16,13,7,,,1,,,6,,,,2,1,,,,,1,,,,,,,,,,,,,,,,,1,,,,,,,,,,,,,,,,,,,,,,1,,,,3,,,,,,,,6,,8,,,24,,,,,,,,,,,,,,,3,,,6,,1,49,3,0,8,6,24,3,6,0,1,0,100
17/11/2010,Davies,3,Sheltered,Flat,4,14,6,7,,,2,,,3,,,,2,1,,,,,,,,,,1,,,,,,,,,,,,1,,,,,,,,,,,,,,,,,,,1,,,,,,,2,,,,,,,,14,1,2,,,22,,1,,,,,,,,,,,,,5,,,15,,,38,2,0,3,14,22,5,15,0,0,0,100
18/11/2010,Wheeler,3,Exposed,Slope,1,9,6,1,,,1,,,8,,1,,,3,1,,,,1,,1,,1,2,,,,3,,,,1,,,,,,,,,,,,,,,,,,,2,,,,,,,4,1,,,16,,,,,,2,,5,,1,,,21,,7,1,,,,,,,,,,,,,1,,,,,46,16,0,1,5,21,2,0,2,0,2,100
18/11/2010,Wheeler,3,Exposed,Slope,2,11,4,1,1,,,,,11,,1,,1,,2,,,2,2,,2,,,3,,2,,,,,1,1,,,,,,1,,,,,,,,,,,,,,,1,,,,,,,,,14,,,,,,,,8,,12,,,11,1,3,,,,,,,,,,,,,3,1,,,,,47,14,0,12,8,11,4,0,1,0,0,100
18/11/2010,Wheeler,3,Exposed,Slope,3,16,5,1,,,,2,,6,4,2,,,2,2,,,1,3,1,1,,1,,,,,2,1,,,,,,,,,,,,,,,,,,,,,,,,,,,,,,,,,18,,,,,,,,9,,4,,,16,,3,,,,,,,,,,,,,,,,,,,50,18,0,4,9,16,0,0,0,0,0,100
18/11/2010,Wheeler,3,Exposed,Slope,4,17,10,,,,1,2,,15,2,,,,2,1,,,1,2,1,,,,3,,,,2,,,3,,,,,1,,,,,,,,,,,,,,,1,,,,,,,,,,,8,,,,,,,,9,,4,,,12,1,1,1,,,,,,,,,,,,,,,,,,64,8,0,4,9,12,1,0,1,0,0,100
18/11/2010,Wheeler,3,Exposed,Crest,1,13,6,15,,,,,,,,,1,,,,,,,2,,,,,,,,,,,,,,,,1,,,,,,,,,,,,,,,,,,,,1,,,,,,,1,2,2,,,,,,7,,,,,34,,13,,,,,,,,,,,,,,,,2,,,39,1,4,0,7,34,0,2,0,0,0,100
18/11/2010,Wheeler,3,Exposed,Crest,2,13,7,11,2,,,,,2,,,2,,,,,,,2,,,,1,,,1,,,,,,,,,,,,,,,,,,,,,,,,,,,,,,,,,,,,,,3,,,,,,11,,,,,38,,6,,,,,,,,,,,,,,,,1,,,41,0,3,0,11,38,0,1,0,0,0,100
18/11/2010,Wheeler,3,Exposed,Crest,3,13,17,16,,,,,,3,,,,,,,,,,,1,,,,,,1,,,,,,,,,,,,,,,,,,,,,,,,,,,,,,,,,,,,,,,,,,,,6,,,,,33,,9,,,,,,,,,,,,,,,,,1,,51,0,0,0,6,33,0,0,0,1,0,100
18/11/2010,Wheeler,3,Exposed,Crest,4,34,18,11,,,,,,1,,,,,,,,,,,,,,,,,,,,,,,,,2,,,,,,,,,,,,,,,,,,,,,,,,,,,,,,,,,,,,4,,,,,28,,,,,,,,,,,,,,,,2,,,,,66,0,0,0,4,28,2,0,0,0,0,100
18/11/2010,Wheeler,3,Exposed,Flat,1,12,2,1,,,,,,3,,,,,1,,,,,2,,,,,,,,,,,,,,,,,,,,,,,,,,,,,,,,,,,,,,,,,,,,,,,,,,,20,9,1,,,14,,1,,,,,,,,,,,,,,,,34,,,21,0,0,10,20,14,0,34,0,0,0,100
18/11/2010,Wheeler,3,Exposed,Flat,2,11,3,3,,,,,,2,,,,,1,,,,2,,,1,,,,,,,,,,,,,,,,,,,,,,,,,,,,,,,,,,,,,,,,,2,,,,,,,,14,2,,,,25,,,,,,,,,,,,,,,,1,,33,,,23,2,0,2,14,25,1,33,0,0,0,100
18/11/2010,Wheeler,3,Exposed,Flat,3,10,2,12,,,,,,6,,,,,,,,,,2,,,,1,,,,,,,,,,,,,,,,,,,,,,,,,,,,,,,,,,,,,,,,,,,,,,,25,5,,,,9,,,,,,,,,,,,,,,,,,28,,,33,0,0,5,25,9,0,28,0,0,0,100
18/11/2010,Wheeler,3,Exposed,Flat,4,14,3,5,,,,,,4,,,,,2,,,,,,,2,,,,,,,,,,,,,,,,,,,,,,,,,,,,,,,,,,,,,,,,,,,,,,,,,25,6,1,,,11,,,,,,,,,,,,,,,,,,27,,,30,0,0,7,25,11,0,27,0,0,0,100
19/11/2010,John Brewer,1,Exposed,Slope,1,8,,,,,1,,,3,1,1,,,,,,,,,,,,,,,,,,,,,,,,,,,,,,,,,,,,,,,,,,,,,,,,,,,13,,,,,,1,,10,,20,1,,25,2,,,,,3,10,1,,,,,,,,,,,,,14,13,0,21,10,25,14,0,3,0,1,100
19/11/2010,John Brewer,1,Exposed,Slope,2,3,1,,,,1,,,3,,,1,2,3,,,,,,,,,,,,,,,,1,,,,,,,,,,,,,,,,,,,,,,,,,,,,,,,,4,2,,,,,1,,15,2,20,,,24,1,,,,,1,13,,,,,,,,,,,2,,,15,4,2,22,15,24,14,2,2,0,1,100
19/11/2010,John Brewer,1,Exposed,Slope,3,7,,,,,1,,,1,,,,1,,,,,,,,,,,,,,,,,,,,,,,,,,,,,,,,,,,,,,,,1,,,,,,,,,8,,,,,,1,,16,4,18,,,25,4,,,,,5,7,,,,,1,,,,,,,,,11,8,0,22,16,25,13,0,5,0,1,100
19/11/2010,John Brewer,1,Exposed,Slope,4,2,1,,,,,,,6,,,,1,1,3,,,,,,,,,,,,,,,,,,,,,,,,,,,,,,,,,,,,2,,,,,,,,,,,11,,,,,,2,,20,,11,1,,17,,,2,,,5,9,1,,1,,2,,,1,,,1,,,16,11,0,12,20,17,21,1,2,0,2,100
19/11/2010,John Brewer,1,Exposed,Crest,1,8,8,,,,,,,1,,,,,1,,,,,,,,,,,,,,,,,,,,,,,,,,,,,,,,,,,,,,,,,,,,,,,,2,,,,,,,,8,,1,,,54,,7,,,,7,,,,,,1,,,1,,,1,,,18,2,0,1,8,54,9,1,0,0,0,100
19/11/2010,John Brewer,1,Exposed,Crest,2,14,5,,,,,,,3,,,,,,,,,,,,,,,,,,,,,,,,,,,,,,,,,,,,,,,,,,,,,,,,,,,,,,,,,,,,,20,,1,,,43,,4,,,,4,,1,,,,1,1,,1,,,2,,,22,0,0,1,20,43,8,2,0,0,0,100
19/11/2010,John Brewer,1,Exposed,Crest,3,8,6,,,,,,,1,,,,,,,,,,,,,,,,,,,,,,,,,,,,,,,,,,,,,,,,,,,,,,,,,,,,,,3,,,,,,,15,,1,1,,44,,13,,,,3,,,,,,1,1,,,,,3,,,15,0,3,2,15,44,5,3,0,0,0,100
19/11/2010,John Brewer,1,Exposed,Crest,4,10,6,,,,,,,2,,1,,,,,,,,,,,,,,,,,,,,,,,,,,,,,,,,,,,,,,,,,,,,,,,,,,,,1,,,,,,,15,,2,1,,41,,7,,,1,9,,,,,,1,,,1,,,2,,,19,0,1,3,15,41,12,2,0,0,0,100
19/11/2010,John Brewer,1,Exposed,Flat,1,7,2,,,,,,,2,,,,1,4,,,,,,,,,,,,1,,,,,,,,,,1,,,,,,,,,,,,,,,,,,,,,,,,,,1,,,,,,,,15,,,,,47,,,1,,,1,,,,,,,,,,1,,16,,,18,1,0,0,15,47,3,16,0,0,0,100
19/11/2010,John Brewer,1,Exposed,Flat,2,5,1,,,,,,,2,,,,1,5,,,,,,2,,,1,1,,,,,,,,,,,,,,,,,,,,,,,,,,,,,,,,,,,,,,4,,,,,,3,,14,1,2,,,34,,,1,,,2,,,,,,,,2,1,2,,16,,,18,4,0,3,14,34,8,16,3,0,3,100
19/11/2010,John Brewer,1,Exposed,Flat,3,7,3,,,,,,,1,,,,,3,,,,,,,,,,,,,,,,,,,,,,1,,,,,,,,,,,,,,,,,,,,,,,,,,3,,,,,,,,22,1,,,,38,,,,,,5,,,,,,,1,,,,,15,,,15,3,0,1,22,38,6,15,0,0,0,100
19/11/2010,John Brewer,1,Exposed,Flat,4,9,2,,,,,,,2,,,,,1,,,,,,,,,,,,,,,,,,,,,,,,,,,,,,,,,,,,,,,,,,,,,,,,4,,,,,,,,8,8,1,,,30,,,,,,2,,,,,,,1,,2,,,30,,,14,4,0,9,8,30,5,30,0,0,0,100
20/11/2010,John Brewer,2,Exposed,Slope,1,2,,,,,,,,2,,,12,,,,,,,,,,,,,,,1,,1,,,,,,1,,,,,,,,,,,,,,,,,,,,,,,,,,,4,,,,,,2,,18,5,13,,,21,6,1,,,1,2,8,,,,,,,,,,,,,,19,4,0,18,18,21,11,0,8,0,2,100
20/11/2010,John Brewer,2,Exposed,Slope,2,6,2,,,,1,,,2,,1,,,1,,,,,,,,,,,,,,,,5,,,,,,,,,,,,,,,,,,,,,,,,,,,,,,,,2,,,,,,2,,20,2,15,,,32,4,,,,,1,4,,,,,,,,,,,,,,18,2,0,17,20,32,5,0,6,0,2,100
20/11/2010,John Brewer,2,Exposed,Slope,3,9,4,,,,,,,1,,,,,1,,,,,,,,,,,,,,,,3,,,,,,,,,,,,,,,,,,,,,,,,,,,,,,1,,11,,,,,,3,,19,,14,,,28,,1,,,,,4,,,,,1,,,,,,,,,19,11,0,14,19,28,5,0,3,0,3,100
20/11/2010,John Brewer,2,Exposed,Slope,4,4,1,,,,1,,,3,,,,1,,,,,,,,,,,,,,,,,,,,,,,,,,,,,,,,,,,,,,1,,,,,,,,,,,17,,,,,,2,,21,,,,,34,3,2,,,,3,5,,,,,2,,,,,,,,,11,17,0,0,21,34,10,0,5,0,2,100
20/11/2010,John Brewer,2,Exposed,Crest,1,5,5,,,,,,,2,,,,,,,,,,,,,,,,,,,,,,,,,,,,,,,,,,,,,,,,,,,,,,,,,,,,,,,,,,,,,25,1,1,1,,43,,1,,,,6,,,2,,,1,6,,,,1,,,,12,0,0,3,25,43,16,0,0,0,0,100
20/11/2010,John Brewer,2,Exposed,Crest,2,7,3,,,,,,,4,,,,,,,,,,,1,,,,,,,,,,,,,,,,,,,,,,,,,,,,,,,,,,,,,,,,,,1,,,,,,1,,15,,,,,60,,2,,,,1,,,,,,2,2,,1,,,1,,,15,1,0,0,15,60,6,1,1,0,1,101
20/11/2010,John Brewer,2,Exposed,Crest,3,8,10,,,,,,,2,,,,,1,,,,,,,,,,1,,,,,,,,,,,,,,,,,,,,,,,,,,,,,,,,,,,,,,,,,,,,,,22,,3,,,41,,2,3,,,3,1,,,,,,,,,,,3,,,22,0,0,3,22,41,7,3,0,0,0,100
20/11/2010,John Brewer,2,Exposed,Crest,4,9,12,,,,,,,3,,,,1,1,,,,,,,,,,,,,,,,,,,,,,,,,,,,,,,,,,,,,,,,,,,,,,,,3,,,,,,,,20,,1,,,42,,5,,,,2,1,,,,,,,,,,,,,,26,3,0,1,20,42,3,0,0,0,0,100
19/11/2010,John Brewer,2,Exposed,Flat,1,1,,,,,,,,1,,,,,1,,,,,,,,,,,,,,,,,,,,,,,,,,,,,,,,,,,,,,,,,,,,,,,,10,,,,,,1,,6,3,2,,,51,,,,,,1,,,,,,,5,,,,,18,,,3,10,0,5,6,51,6,18,1,0,1,100
19/11/2010,John Brewer,2,Exposed,Flat,2,4,2,1,,,,,,3,,,,,1,,,,,,1,,,,,,,,,,,,,,,,,,,,,,,,,,,,,,,,,,,,,,,,,,,,,,,,1,,9,1,2,,,55,,,,,,1,,,2,,,,3,,,1,,13,,,12,0,0,3,9,55,7,13,1,0,1,100
19/11/2010,John Brewer,2,Exposed,Flat,3,1,,,,,,,,,,,,,1,,,,,,,,,,,,,,,,,,,,,,,,,,,,,,,,,,,,,,,,,,,,,,,,11,,,,,,1,,5,1,1,,,38,,3,,,,,,,,,,,4,,,,,34,,,2,11,0,2,5,38,4,34,1,0,1,100
19/11/2010,John Brewer,2,Exposed,Flat,4,3,3,,,,,,,1,,,,,3,,,,,,,,,,,,,,,,,,,,,,,,,,,,,,,,,,,,,,,,,,,,,,,,2,,,,,,1,,8,2,2,,,49,,,,,,,,,,,,,4,,,1,,21,,,10,2,0,4,8,49,5,21,1,0,1,100
20/11/2010,John Brewer,3,Exposed,Slope,1,5,,,,,1,,,9,,,,,,,,,,,,,,,,,,,,,,,,,,,,,,,,,,,,,,,,,,,,,,,,,,,,,11,,1,,,,2,,11,1,22,,,21,5,,1,,1,2,4,,,,,,,,1,,,2,,,15,11,1,23,11,21,9,2,7,0,2,100
20/11/2010,John Brewer,3,Exposed,Slope,2,3,1,,,,,,,,,1,7,2,2,1,,,,1,,,,,,,,,,3,,,,,,,,,,,,,,,,,,,,,,,,,,,,,,,,,11,,,,,,4,,11,4,11,,,16,13,,,,,2,4,,,,,,,,2,,,1,,,21,11,0,15,11,16,8,1,17,0,4,100
20/11/2010,John Brewer,3,Exposed,Slope,3,4,2,,,,,,,1,,2,1,3,,1,,,,,,,,,,,,,,4,,,,,,,,,,,,,,,,,,,,,,,,,,,,,,,1,,10,,,,,,,,8,5,35,,,13,4,,,,,1,5,,,,,,,,,,,,,,19,10,0,40,8,13,6,0,4,0,0,100
20/11/2010,John Brewer,3,Exposed,Slope,4,11,1,,,,,,,,1,1,13,1,3,,,,,,,,,,,,,,,,3,,,,,,,,,,,,,,,,,,,,,1,,,,,,,,,5,,8,,,,,,4,,15,1,2,,,12,13,,,,,3,1,,,,,,,,1,,,,,,40,8,0,3,15,12,5,0,17,0,4,100
20/11/2010,John Brewer,3,Exposed,Crest,1,19,6,,,,,,,1,,,,,,,,,,1,,,,,,,,,,,,,,,,,,,,,,,,,,,,,,,,,,,,,,,,,,,2,1,,,,,1,,32,,2,,,31,,,,,,1,,,,,,,,,,1,2,,,,27,2,1,2,32,31,4,0,1,0,1,100
20/11/2010,John Brewer,3,Exposed,Crest,2,9,9,,,,,,,7,,,,1,,,,,,1,,,,,,,,,,,,,,,,,,,,,,,,,,,,,,,,,,,,,,,,,,,4,,,,,,,,28,,1,,,33,3,2,,,,1,,,,,,,,,,,1,,,,27,4,0,1,28,33,2,0,3,0,0,100
20/11/2010,John Brewer,3,Exposed,Crest,3,17,7,,,,,,,3,,,,,,,,,,,1,,,,1,,,,,,,,,,,,,,,,,,,,,,,,,,,,,,,,,,,,,,4,3,,,,,,,28,,1,,,29,2,1,,,,2,,,,,,,,,,,,1,,,29,4,3,1,28,29,2,1,2,0,0,100
20/11/2010,John Brewer,3,Exposed,Crest,4,13,9,,,,,,,2,,,,,,,,,,,,,,,,,,,,,,,,,,,,,,,,,,,,,,,,,,1,,,,,,,,,2,,1,4,,,,,2,,11,7,5,,,22,1,4,,,,2,1,,,,,3,,,1,,7,2,,,27,1,4,12,11,22,14,2,3,0,2,100
20/11/2010,John Brewer,3,Exposed,Flat,1,2,3,,,,,,,2,,,,,1,,,,,,,,,,,,,,,,,,,,,,,,,,,,,,,,,,,,,,,,,,,,,,,,4,,,,,,,,12,1,,,,35,,,,,,,,,,,,,8,,1,,1,30,,,8,4,0,1,12,35,10,30,0,0,0,100
20/11/2010,John Brewer,3,Exposed,Flat,2,,1,,,,,,,,,,,1,1,,,,,,,,,,,,,,,,,,,,,,,,,,,,,,,,,,,,,,,,,,,,,,,,3,,,,,,,,4,3,1,,,12,,,,,,,,,,,,1,4,,6,,,63,,,3,3,0,4,4,12,11,63,0,0,0,100
20/11/2010,John Brewer,3,Exposed,Flat,3,1,,,,,,,,,,,,,1,,,,,1,,,,,,,,,,,,,,,,,,,,,,,,,,,,,,,,,,,,,,,,,,,,,,,,,,,3,4,3,,,10,,3,,,,1,,,,,,2,4,,1,,6,60,,,3,0,0,7,3,10,14,60,0,0,0,100
20/11/2010,John Brewer,3,Exposed,Flat,4,2,4,,,,,,,3,,,,1,,,,,,,,,,,,,,,,,,,,,,,,,,,,,,,,,,,,,,,,,,,,,,,,,,,,,,,1,,10,,6,,,9,,,,,,4,,,,,,,3,,4,,3,50,,,10,0,0,6,10,9,14,50,1,0,1,100
21/11/2010,John Brewer,1,Sheltered,Slope,1,4,2,,,,3,,,2,4,,,1,2,,,,,,,,,,,,,,,,,,,,,,,,,,,,,,,,,,,,,,,,,,,,,,1,,8,,1,,,,4,,7,8,13,,,7,1,,,,,,4,,,,,1,,,9,,,18,,,19,8,1,21,7,7,14,18,5,0,4,100
21/11/2010,John Brewer,1,Sheltered,Slope,2,5,1,,,,3,,,,1,,,1,,,,,,,,,,,,,,,,,,,,,,,,,,,,,,,,,,,,1,,,,,,,,,,,,,15,,,,,,2,,15,4,2,1,,12,1,,,,,1,2,,,,,,,,10,,2,21,,,12,15,0,7,15,12,15,21,3,0,2,100
21/11/2010,John Brewer,1,Sheltered,Slope,3,7,,,1,,,,,2,1,,,,,,,,,,,,,,,,,,,,,,,,,,,,,,,,,,,,,,,,,,,,,,,,,,,,15,,,,,,1,,6,16,17,,,17,,,,,,1,7,,,,1,,,,,,2,6,,,11,15,0,33,6,17,11,6,1,0,1,100
21/11/2010,John Brewer,1,Sheltered,Slope,4,3,5,,,,1,,,,1,,,,2,,,,,,,,,,,,,,,,,,,,,,,,,,,,,,,,,,,,1,,,,,,,,,,,,9,,,1,,,7,,16,3,18,,,16,1,,,,,,6,,,,,,,,2,,2,6,,,13,9,0,21,16,16,10,6,9,0,7,100
21/11/2010,John Brewer,1,Sheltered,Crest,1,9,6,,1,,,,,1,,,,1,,,,,,,,,,,,,,,,,,,,,,,,,,,,,,,,,,,,,,,,,,,,,,,,,2,,,,,,1,,16,,4,,,39,,,,,,,,,,,,,,,6,,1,13,,,18,2,0,4,16,39,7,13,1,0,1,100
21/11/2010,John Brewer,1,Sheltered,Crest,2,11,6,,,,,,,1,,,,1,,,,,,,,,,,,,,,,,,,,,,,,,,,,,,,,,,,,,,,,,,,,,,,,,2,,,,,,,,12,1,15,,,30,,,,,,,,,,,,,,,6,,,15,,,19,2,0,16,12,30,6,15,0,0,0,100
21/11/2010,John Brewer,1,Sheltered,Crest,3,4,11,,,,,,,2,,,,,,1,,,,,,,,,,,,,,,,,,,,,,,,,,,,,,,,,,,,,,,,,,,,,,,,,,,,,,,14,2,1,,,36,,,,,,1,,,,,,,,,9,,1,17,,,18,0,0,3,14,36,11,17,0,0,0,99
21/11/2010,John Brewer,1,Sheltered,Crest,4,15,14,,,,,1,,1,,,,2,1,,,,,,,,,,,,,,,,,,,,,,,,,,,,,,,,,,,,,,,,,,,,,,,,,,,,,,,,22,,2,,,39,,,,,,,,,,,,,,,,,,2,,,34,0,0,2,22,39,0,2,0,0,0,99
21/11/2010,John Brewer,1,Sheltered,Flat,1,5,6,1,,,,,,1,,,,3,,,,,,,,,,,,,,,,,,,,,,,,,,,,,,,,,,,,,,,,,,,,,,,,,1,,,,,,,,6,4,9,1,,32,,,,,,,2,,,,,,,,,,2,27,,,16,1,0,14,6,32,4,27,0,0,0,100
21/11/2010,John Brewer,1,Sheltered,Flat,2,2,3,,,,,,,1,,,,1,2,,,,1,,,,,,,,,,,,,,,,,,,,,,,,,,,,,,,,,,,,,,,,,,,,,,,,,,,,3,7,11,,,26,,,,,,,,,,,,,,,1,,,42,,,10,0,0,18,3,26,1,42,0,0,0,100
21/11/2010,John Brewer,1,Sheltered,Flat,3,5,,,,,1,,,,,1,,3,2,,,,,,,,,1,1,,,,,,,,,,,,,,,,,,,,,,,,,,,,,,,,,,,,,,2,,,,,,,,6,,17,,,19,,,,,,,,,,,,,,,4,,1,37,,,14,2,0,17,6,19,5,37,0,0,0,100
21/11/2010,John Brewer,1,Sheltered,Flat,4,1,2,,,,,,,1,,,,3,,,,,,,,,,,,,,,,,,,,,,,,,,1,,,,,,,,,,,,,,,,,,,,,,,6,,,,,,1,,6,,11,,,31,,,,,,,,,,,,,,,1,,1,35,,,8,6,0,11,6,31,2,35,1,0,1,100
21/11/2010,John Brewer,2,Sheltered,Slope,1,9,,,1,,3,,,,3,1,,,1,,,,,,,,,,,,,,,,,,,,,,,,,,,,,,,,,,,,,,,,,,,,,,,,11,,,,,,2,,9,5,3,,,3,,,,,,3,7,,,1,,1,,,18,1,2,16,,,18,11,0,8,9,3,33,16,2,0,2,100
21/11/2010,John Brewer,2,Sheltered,Slope,2,5,3,,,,1,,,1,1,,,,2,,,,,,,,,,,,,,,,,,,,,,,,,,,,,,,,,,,1,,1,,,,,,,,,,,11,,,,,,2,,7,8,14,,,0,,,,,,,10,,,,,2,,,8,,5,18,,,15,11,0,22,7,0,25,18,2,0,2,100
21/11/2010,John Brewer,2,Sheltered,Slope,3,7,,,1,,2,,,1,3,1,,,,,,,,1,1,,,,,,,,,,,,,,,,,,,,,,,,,,,,,,,,,,,,,,,,,,9,,,,,,3,,10,6,8,,,1,,,,,,,6,,,,,3,,,5,,5,27,,,17,9,0,14,10,1,19,27,3,0,3,100
21/11/2010,John Brewer,2,Sheltered,Slope,4,10,,,,,2,,,1,2,,,,3,,,,,,,,,,,,,,,,,,,,,,,,,,,,,,,,,,,,1,,,,,,,,,,,,9,,1,,,,2,,17,4,11,,,4,,,,,,,8,,,,,1,,,1,,1,22,,,19,9,1,15,17,4,11,22,2,0,2,100
21/11/2010,John Brewer,2,Sheltered,Crest,1,9,3,1,,,,,,,,,,1,1,,,,,1,,,,,,,,,,,,,,,,,,,,,,,,,,,,,,,,,,,,,,,,,,,1,,,,,,,,6,,,,,63,1,,,,,4,1,,,,,,,,5,,1,2,,,16,1,0,0,6,63,11,2,1,0,0,100
21/11/2010,John Brewer,2,Sheltered,Crest,2,6,1,,,,,,,1,,,,,,,,,,,1,,,,,,,,,,2,,,,,,1,,,,,,,,,,,,,,,,,,,,,,,,,,5,,,,,,2,,13,,,,,57,,,,,,3,1,,,,,,,,4,,3,,,,12,5,0,0,13,57,11,0,2,0,2,100
21/11/2010,John Brewer,2,Sheltered,Crest,3,7,5,,,,,,,,,,,,1,1,,,,,,,,,,,,,,,,,,,,,,,,,,,,,,,,,,,,,,,,,,,,,,,4,,,,,,,,12,,1,,,50,,,,,,4,,,,,,,1,,11,,3,,,,14,4,0,1,12,50,19,0,0,0,0,100
21/11/2010,John Brewer,2,Sheltered,Crest,4,11,8,,,,,,,2,,1,,1,,,,,,,,,,,,,,,,,,,,,,,,,,,,,,,,,,,,,,,,,,,,,,,,,2,,,,,,,,12,,,,,50,1,,,,,4,,,,,,,,,5,,,3,,,23,2,0,0,12,50,9,3,1,0,0,100
21/11/2010,John Brewer,2,Sheltered,Flat,1,8,10,2,,,1,,,1,,,,1,,,,,,,,,,,,,,,,,,,,,,,,,,,,,,,,,,,,,,,,,,,1,,,,,,7,,,,,,,,10,,1,,,43,,,,,,,,,,,,,,,3,1,,11,,,24,7,0,1,10,43,4,11,0,0,0,100
21/11/2010,John Brewer,2,Sheltered,Flat,2,9,3,,,,,,,2,,,,,,,,,,,,2,,,,,,,,,,,,,,,,,,,,,,,,,,,,,,,,,,,,,,,,,9,,,,,,,,2,2,4,,,47,,,,,,,,,,,,,,,5,,,15,,,16,9,0,6,2,47,5,15,0,0,0,100
21/11/2010,John Brewer,2,Sheltered,Flat,3,7,11,,,,2,,,,,,,1,,,,,,,,,,,,,,,,,,,,,,,,,,,,,,,,,,,,,,,,,,,,,,,,,7,,,,,,,,8,2,4,,,41,,1,,,,,1,,,,,,,,2,,,13,,,21,7,0,6,8,41,3,13,0,0,0,100
21/11/2010,John Brewer,2,Sheltered,Flat,4,1,4,1,,,,,,1,,,,,,,,,,,,,,,1,,,,,,,,,,,,,,,,,,,,,,,,,,,,,,,,1,,,,,,14,,,,,,,,7,,10,,,36,,,,,,,,,,,,,,,,,,24,,,9,14,0,10,7,36,0,24,0,0,0,100
22/11/2010,John Brewer,3,Sheltered,Slope,1,5,1,,1,,,,,,,,,2,2,,1,,,,,,,,,,,,,,,,,,,,,,,,,,,,,,,,,,,,,,,,,,,,,,9,,,,,,2,,6,15,12,,,2,,,,,,,7,,,,,,,,9,,2,24,,,12,9,0,27,6,2,18,24,2,0,2,100
22/11/2010,John Brewer,3,Sheltered,Slope,2,5,1,1,,,,,,2,,,,,,,,,,1,1,,,,,,,,,,,,,,,,,,,,,,,,,,,,,,,,,,,,,,,,,,4,,,,,,4,,7,22,5,,,1,,,,,,,6,,,,1,1,,,14,,4,20,,,11,4,0,27,7,1,26,20,4,0,4,100
22/11/2010,John Brewer,3,Sheltered,Slope,3,10,1,,,,,,,,1,1,,1,,,,,,,,1,,,,,,,,,,,,,,,,,,,,,,,,,,,,,,,,,,,,,,,,,15,,,,,,1,,5,8,5,,,1,,,,,,3,6,2,,,,1,,,13,,1,24,,,15,15,0,13,5,1,26,24,1,0,1,100
22/11/2010,John Brewer,3,Sheltered,Slope,4,8,1,,,,2,,,2,1,,,1,,,,,,,,,,,,,,,,,,,,,,,,,,,,,,,,,,,,,1,,1,,,,,,,,,,15,,,,,,1,,6,6,4,,,2,2,,,,,,8,,,,,,,,15,,2,22,,,17,15,0,10,6,2,25,22,3,0,1,100
22/11/2010,John Brewer,3,Sheltered,Crest,1,5,5,,,,1,,,2,,,,1,,,,,,,,,,,,,,,,,,,,,,,,,,,,,,,,,,,,,,,,,,,,,,,,,2,,,,,,,,9,4,4,,,47,,1,,,,,,,,,,,,,19,,,,,,14,2,0,8,9,47,19,0,0,0,0,100
22/11/2010,John Brewer,3,Sheltered,Crest,2,9,6,,,,,,,,,1,,,,,,,,,,,,,,,,,,,,,,,,,,,,,,,,,,,,,,,,,,,,,,,,,,,1,,,,,,,,8,,3,,,57,,,,,,1,,,,,,,,,12,,,2,,,16,1,0,3,8,57,13,2,0,0,0,100
22/11/2010,John Brewer,3,Sheltered,Crest,3,3,6,,,,,,,4,,2,,,4,,,,,,,,,,,,,,,,,,,,,,,,,,,,,,,,,,,,,,,,,,,,,,,,3,,,,,,,,8,,,,,55,,,,,,,1,,,,,,,,13,,,,,,19,3,0,0,8,55,14,0,0,0,0,99
22/11/2010,John Brewer,3,Sheltered,Crest,4,9,9,,,,,,,1,,,,,1,,,,,,,,,,,,,,,,,,,,,,,,,,,,,,,,,,,,,,,,,,,,,,,,2,,,,,,,,8,1,7,,,38,,1,,,,,,,,,,,,,6,,,17,,,20,2,0,8,8,38,6,17,0,0,0,100
22/11/2010,John Brewer,3,Sheltered,Flat,1,7,2,,,,,,,1,,,,2,1,,,,,,2,,,,,,,,,,,,,,,,1,,,,,,,,,,,,,,,,,,,,,,,,,,4,,,,,,,,6,3,7,,,37,,,,,,,,,,,,,,,8,,,19,,,16,4,0,10,6,37,8,19,0,0,0,100
22/11/2010,John Brewer,3,Sheltered,Flat,2,7,7,,,,,,,2,,,,1,,,,,,,,,,,,,,,,,,,,,,,,,,,,,,,,,,,,,,,,,,,,,,,,,6,,,,,,,,7,,2,,,52,,,,,,1,,,,,,,,,7,,,7,,,17,6,0,2,7,52,8,7,0,0,0,99
22/11/2010,John Brewer,3,Sheltered,Flat,3,6,9,,,,,,,2,,1,,2,,,,,,,1,,,,,,1,,,,,,,,,,,,,,,,,,,,,,,,,,,,,,,,,,,,3,,,,,,1,,4,5,1,,,32,,1,,,,,,,,,,,,,5,1,1,22,,,22,3,0,6,4,32,7,22,1,0,1,98
22/11/2010,John Brewer,3,Sheltered,Flat,4,5,5,3,,,,3,,1,,,,,1,,,,,,1,,,,,,,,,,,,,,,,,,,,,,,,,,,,,,,,,,,,,,,,,,5,2,,,,,1,,10,10,2,,,36,,1,,,,1,,,,,,,,,7,,2,4,,,19,5,2,12,10,36,10,4,1,0,1,100
15/01/2011,Trunk,1,Sheltered,Slope,1,1,1,,,,,,,2,,,,,,,,,,,1,,,,,,,,,,,,,,,,,,,,,,,,,,,,,,,,,,,,,,,,,,24,,,,,,1,,5,26,15,,,13,,,,,,,1,,,,,1,,,,,3,6,,,5,24,0,41,5,13,5,6,1,0,1,100
15/01/2011,Trunk,1,Sheltered,Slope,2,7,2,,,,1,,,3,,,,1,,,1,,,,,,,,,,,,,,,,,,,,,,,,,,,,,,,,,,,,,,,,,,,,,,20,,,,,,3,,5,7,16,,,24,2,,,,,,,,,,,,,,,,3,5,,,15,20,0,23,5,24,3,5,5,0,3,100
15/01/2011,Trunk,1,Sheltered,Slope,3,9,,,,,1,,,1,,1,,1,,,,,,,,,,,,,,,,,,,,,,,,,,,,,,,,,,,,,,,,,,,,,,,,,18,,,,,,,1,4,15,26,,,14,1,,,,,,,,,,,,,,,,1,7,,,13,18,0,41,4,14,1,7,2,0,0,100
15/01/2011,Trunk,1,Sheltered,Slope,4,6,3,,,,,,,3,,,,,,,,1,,,,,,,,,,,,,,,,,,,,,,,,,,,,,,,,,,,,,,,,,,,,,10,,,,,,2,,4,13,17,,,21,,,,,,,,,,,,,,,2,,3,15,,,13,10,0,30,4,21,5,15,2,0,2,100
15/01/2011,Trunk,1,Sheltered,Crest,1,9,,,,,,,,2,,,,1,1,,,,,,1,,,,,,,,,,,,,,,,,,,,,,,,,,,,,,,,,,,,,,,,,,12,,,,,1,1,,7,,,,,31,,,,,,,,,,,,,4,,,,11,19,,,14,12,0,0,7,31,15,19,2,0,1,100
15/01/2011,Trunk,1,Sheltered,Crest,2,13,1,,,,,,,3,,,,4,1,,,,,,,,,1,,,,,,,,,,,,,,,,,,,,,,,,,,,,,,,,,,,,,,,15,,,,,,2,,10,,2,,,28,1,,,,,,,,,,,,2,,,,6,11,,,23,15,0,2,10,28,8,11,3,0,2,100
15/01/2011,Trunk,1,Sheltered,Crest,3,12,,1,,,,,,2,,2,,1,1,,,,1,,1,,,,,,,1,,,,,,,,,,,,,,,,,,,,,,,,1,,,,,,,,,,,9,,,,,,,,16,,,2,,21,1,,,,,,,,,,,,7,,,,2,19,,,23,9,0,2,16,21,9,19,1,0,0,100
15/01/2011,Trunk,1,Sheltered,Crest,4,21,6,1,,,,,,3,,1,,3,,,,,,,,,,,,,,,,,,,,,,,,,,,,,,,,,,,,,,,,,,,,,,,,,4,,,,,,,,9,,1,,,30,,,,,,,,,,,,,1,,1,1,1,16,,,35,4,0,1,9,30,4,16,0,0,0,99
15/01/2011,Trunk,1,Sheltered,Flat,1,2,,,,,,,,,,,,,1,,,,,,,,,,,,,,,,,,,,,,,,,,,,,,,,,,,,,,,,,,,,,,,,9,,,,,,,,1,18,2,,2,3,1,,,,,,,,,,,,,,,,,58,,,3,9,0,20,1,3,0,58,3,0,0,97
15/01/2011,Trunk,1,Sheltered,Flat,2,7,,,,,,,,1,,,,1,1,,,,1,,1,,,1,1,,,,,,,,,,,,,,,,,,,,,,,,,,,,,,,,,,,,,,16,,,,,,,,4,6,8,1,,10,1,,,,,,,,,,,,1,,,,2,37,,,14,16,0,15,4,10,3,37,1,0,0,100
15/01/2011,Trunk,1,Sheltered,Flat,3,7,,1,,,,,,1,,,,,2,,,,1,,1,,,,,,,,,,,,,,,,,,,,,,,,,,,,,,,,,,,,,,,,,,13,,,,,,,,3,8,7,,,9,1,,,,,,,,,,,,3,,,,6,37,,,13,13,0,15,3,9,9,37,1,0,0,100
15/01/2011,Trunk,1,Sheltered,Flat,4,10,3,2,,,,,,2,,1,,,,,,,,,,,,,,,,,,,,,,,,,,,,,,,,,,,,,,,,,,,,,,,,,,,13,,,,,,,,6,9,16,1,,7,1,,,,,,,,,,,,2,,,,3,24,,,18,13,0,26,6,7,5,24,1,0,0,100
15/01/2011,Trunk,2,Sheltered,Slope,1,1,,,,,3,,,1,1,1,,,1,,,,,,1,,,,,,,,,,,,,,,,,,,,,,,,,,,,,,,,,,,,,,,,,,15,,,,,,1,,10,5,24,,,8,2,,,,,,5,,,,,,,,,,8,13,,,9,15,0,29,10,8,13,13,3,0,1,100
15/01/2011,Trunk,2,Sheltered,Slope,2,3,,,,,,,,4,,,,,1,,,,,,,,,,,,1,,,,,,,,,,,,,,,,,,,,,,,,,,,,,,,,,,,1,10,,3,,,,8,,6,12,8,,,8,,,,,,,10,,,,,,,,,,10,15,,,9,10,3,20,6,8,20,15,8,0,8,100
15/01/2011,Trunk,2,Sheltered,Slope,3,2,,,1,,,,,,,1,,1,,,,,,,,,,,,,,,,,,,,,,,,,,,,,,,,,,,,,,,,,,,,,,,,,16,,1,,,,18,,1,20,9,,,1,,,,,,,4,,,,,,,,,,8,17,,,5,16,1,29,1,1,12,17,18,0,18,100
15/01/2011,Trunk,2,Sheltered,Slope,4,7,1,,,,,,,1,,,,1,,,,,,,,,,,,,,,,,,,,,,,,,,,,,,,,,,,,,,,,,,,,,,,,,13,,,,,,18,,1,11,7,,,6,,,,,,,6,,,,,,,,,,9,19,,,10,13,0,18,1,6,15,19,18,0,18,100
15/01/2011,Trunk,2,Sheltered,Crest,1,13,12,,,,2,7,,4,,1,,,,,,,,,,,,,,,,,,,,,,,,,,,,,,,,,,,,,,,,,,,,,,,,,,,8,,1,,,,2,,3,,1,,,37,,,,,,,,,,,,,,,,,2,8,,,39,8,1,1,3,37,2,8,2,0,2,101
15/01/2011,Trunk,2,Sheltered,Crest,2,21,24,3,,,,1,,1,,2,,,2,,,1,2,,,,,,,,,,,,,,,,,,,,,,,,,,,,,,,,,,,,,,,,,,,,15,1,3,,,,1,,1,,,,,13,,,,,,,,,,,,,,,,,6,3,,,57,15,4,0,1,13,6,3,1,0,1,100
15/01/2011,Trunk,2,Sheltered,Crest,3,18,7,2,,,,,,,,1,,1,,,,,1,,,,,,,,,,,,,,,,,1,,,,,,,,,,,,,,,,,,,,,,,,,,,5,,,,,,9,,12,,,,,18,1,,,,,,,,,,,,2,,,,8,13,,,31,5,0,0,12,18,10,13,10,0,9,99
15/01/2011,Trunk,2,Sheltered,Crest,4,30,26,1,,,,,,,,,,1,,,,,,,,,,,,,,,,,,,,,,,,,,,,,,,,,,,,,,,,,,,,,,,,,9,,3,,,,5,,6,,,,,13,,,,,,,,,,,,,,,,,4,2,,,58,9,3,0,6,13,4,2,5,0,5,100
15/01/2011,Trunk,2,Sheltered,Flat,1,13,5,2,,,,8,,1,,,,2,,,,,1,,3,,,,,,,,,,,,,,,,,,,,,,,,,,,,,,,,,,,,,,,,,,4,,,,,,,,9,3,5,,,22,,,,,,,,,,,,,,,,1,1,20,,,35,4,0,8,9,22,2,20,0,0,0,100
15/01/2011,Trunk,2,Sheltered,Flat,2,24,12,1,1,,2,,,3,,,,,2,,,,,,1,,,,,,,,,,,,,,,,,,,,,,,,,,,,,,,,,,,,,,,,,,14,,,,,,2,,7,5,2,,,13,1,,,,,,,,,,,,,,,,2,8,,,46,14,0,7,7,13,2,8,3,0,2,100
15/01/2011,Trunk,2,Sheltered,Flat,3,13,4,2,1,,,,,2,,,,1,,,,,,,,,,,,,,,,,,,,,,,,,,,,,,,,,,,,,,,,,,,,,,,,,4,,,,,,5,,5,21,5,,,12,1,,,,,,,,,,,,2,,,,4,18,,,23,4,0,26,5,12,6,18,6,0,5,100
15/01/2011,Trunk,2,Sheltered,Flat,4,34,1,2,,,,,,,,,,,,,,,,,,,,,1,,,,,,,,,,,,,,,,,,,,,,,,,,,,,,,,,,,,,,2,,,,,,3,,9,10,5,,,8,,,,,,,,,,,,,1,,5,,8,11,,,38,2,0,15,9,8,14,11,3,0,3,100
16/01/2011,Trunk,3,Sheltered,Flat,1,10,6,,,,,1,,5,,,,,1,,,,,,,,,,,,,,,,,,,,,,,,,,,,,,,,,,,,,,,,,,,,,,1,,6,,,,,,,,5,22,1,,12,16,,,,,,,,,,,,,,,,,1,13,,,24,6,0,23,5,16,1,13,12,0,0,100
16/01/2011,Trunk,3,Sheltered,Flat,2,7,6,,,,,,,2,,,,3,,,,,,,,,,,,,,,,,,,,,,1,,,,,,,,,,,,,,,,,,,,,,,,,3,,8,,,,,,12,,,15,4,,5,11,,,,,,,,,,,,,,,,,2,21,,,22,8,0,19,0,11,2,21,17,0,12,100
16/01/2011,Trunk,3,Sheltered,Flat,3,5,,,,,,,,1,,,,,,,,,,,,,,,,,,,,,,,1,,,,,,,,,,,,,,,,,,,,,,,,,,,,3,,5,,,,,,13,,4,9,9,,8,12,1,,,,,,,,,,,,,,,,,29,,,10,5,0,18,4,12,0,29,22,0,13,100
16/01/2011,Trunk,3,Sheltered,Crest,1,7,,,,,,,,2,,,,1,1,,,,,2,1,,,,,,,,,,,,,,,,,,,,,,,,,,,,,,,,,,,,,,,,,,24,,,,,,4,,4,,6,1,8,26,,,,,,,,,,,,,,,,1,2,10,,,14,24,0,7,4,26,3,10,12,0,4,100
16/01/2011,Trunk,3,Sheltered,Crest,2,4,,,,,,,,3,,,,2,,,,,,,,,,,1,,,,,,,,,,,,,,,,,,,,,,,,,,,,,,,,,,,,,,16,1,1,,,,4,,7,,9,,8,22,2,,,,,,,,,,,,,,,,1,19,,,10,16,2,9,7,22,1,19,14,0,4,100
16/01/2011,Trunk,3,Sheltered,Crest,3,1,,,,,,,,2,,,,,2,,,,,,,,,,,,,,,,,,,,,,,,,,,,,,,,,,,,,,,,,,,,,,,,9,,,,,,8,,12,,1,,27,22,2,,,,,,,,,,,,2,,,,3,9,,,5,9,0,1,12,22,5,9,37,0,8,100
16/01/2011,Trunk,3,Sheltered,Slope,1,2,,,,,,,,3,,,,,1,,,,,,1,,,,,,,,1,,,,,,,,,,,,,,,,,,,,,,,,,,3,,1,,,,,,16,,1,,,,9,,7,6,15,,,5,1,,,,,,2,,,,,,,,,,10,16,,,12,16,1,21,7,5,12,16,10,0,9,100
16/01/2011,Trunk,3,Sheltered,Slope,2,3,,,1,,,,,1,,,,1,1,,,,,,,,,,,,,,,,,,,,,,,,,,,,,,,,,,,,,,,,,,,,,,,,12,,3,,,,6,,2,11,20,,,8,1,,,,,,4,,,,,,,,,,2,24,,,7,12,3,31,2,8,6,24,7,0,6,100
16/01/2011,Trunk,3,Sheltered,Slope,3,2,,,,,1,,,4,,,,2,1,,,,,,,,,,1,,,,,,,,,,,,,,,,,,,,,,,,,,,,,,,,,,,,,,13,,,,,,16,1,6,6,7,,,7,1,,,,,,3,,,,,,,,,,11,18,,,11,13,0,13,6,7,14,18,18,0,16,100
16/01/2011,Trunk,1,Exposed,Slope,1,4,2,,,,,,,3,,4,,5,,,,,,,,,,,,,,,,,,,,,,,1,,,1,,,1,,,,,,,,,1,,,,,,,,,,,5,,,,,,4,,7,3,4,,,35,3,,,,,,,,,,,,,,12,,4,1,,,22,5,0,7,7,35,16,1,7,0,4,100
16/01/2011,Trunk,1,Exposed,Slope,2,3,2,,1,,,,,2,,5,,3,,,,,,,,,,,1,,,,1,,,,,,,,,,,,,,,,,,,,,,,1,,,,,,,,,,,7,2,1,,,,5,,12,3,2,,,31,,,,,,,,,,,,,,,15,1,1,1,,,19,7,3,5,12,31,17,1,5,0,5,100
16/01/2011,Trunk,1,Exposed,Slope,3,2,1,,,,,,,,,5,,3,5,,,,,,,,,,,,,,,,,,,,,,,,,,,1,,,,,,,,,,,,,,,,,,,,,2,,,,,,6,,15,,6,,,21,2,,,,,,,,,,,,,,18,,9,4,,,17,2,0,6,15,21,27,4,8,0,6,100
16/01/2011,Trunk,1,Exposed,Slope,4,8,3,,,,1,,,2,,3,,1,3,,,,,,,,,,1,,,,,2,,,,,,,,,,,,,,,,,,,,,,1,,,,,,,,,2,,3,,,,,,1,,4,1,10,,,27,1,,,,,,,,,,,,,,17,,3,6,,,27,3,0,11,4,27,20,6,2,0,1,100
16/01/2011,Trunk,1,Exposed,Crest,1,18,2,,,,,,,3,1,3,,1,,,,,1,,,,,1,,,,,,,,,,,,,,,,,,,,,,,,,,,,,,,,,,,,,,,1,,,,,,,,19,8,,,,30,,,,,,,,,,,,,,,12,,,,,,30,1,0,8,19,30,12,0,0,0,0,100
16/01/2011,Trunk,1,Exposed,Crest,2,9,3,,,,,,,3,,2,,3,,,,,,,,1,,,,,,,,,1,,,,,,,,,,,,,,,,,,,,,,,,,,,,,,,,3,5,,,,,,,34,,,,,25,,,,,,,,,,,,,,,9,,2,,,,22,3,5,0,34,25,11,0,0,0,0,100
16/01/2011,Trunk,1,Exposed,Crest,3,8,10,,,,,,,1,,2,,,3,,,,,,,,,,,,,,,,,,,,,,,,,,,,,,,,,,,,,,,,,,,,,,,,3,7,,,,,,,23,1,,,,33,,,,,,,,,,,,,,,6,1,2,,,,24,3,7,1,23,33,9,0,0,0,0,100
16/01/2011,Trunk,1,Exposed,Crest,4,10,2,,,,,,,2,,,2,,,,,,,,,,,,,,,,,,,,,,,,,,,,,,,,,,,,,,,,,,,,,,,,,,5,5,,,,,,,15,3,6,,,44,,,,,,,,,,,,,,,4,,2,,,,16,5,5,9,15,44,6,0,0,0,0,100
16/01/2011,Trunk,1,Exposed,Flat,1,10,8,,,,,,,3,,,,2,,,,,,,,,,,,,,,,,,,,,,,,,,,,,,,,,,,,,,,,,,,,,,,,,1,,,,,,,,23,8,12,,,24,,,,,,,,,,,,,,,2,,5,1,,,23,1,0,20,23,24,7,1,0,0,0,99
16/01/2011,Trunk,1,Exposed,Flat,2,9,1,,,,,,,,,,1,2,,,,,1,,1,,,,,,,,,,,,,,,,,,,,,,,,,,,,,,,,,,,,,,,,,,2,,,,,,,,16,12,6,,,20,,,,,,,,,,,,,11,,6,1,3,8,,,15,2,0,18,16,20,21,8,0,0,0,100
16/01/2011,Trunk,1,Exposed,Flat,3,3,,,,,,,,,,,,4,,,,,,,,,,,,,,,,,,,,,,,,,,,,,,,,,,,,,,,,,,,,,,,,,2,,,,,,,,9,4,9,,,16,1,,,,,,,,,,,,12,,13,,10,17,,,7,2,0,13,9,16,35,17,1,0,0,100
16/01/2011,Trunk,1,Exposed,Flat,4,1,,,,,,,,1,,,,,,,,,,1,,,,,,,,,,,,,,,,,,,,,,,,,,,,,,,,,,,,,,,,,,,,,,,,,,,6,8,6,,,11,,,,,,,,,,,,,2,,13,,26,25,,,3,0,0,14,6,11,41,25,0,0,0,100
17/01/2011,Trunk,2,Exposed,Slope,1,5,,,,,,,,2,,3,1,1,,1,,,,,,,,,,,,,,,,,,,,,,,,,,,,,,,,,,,,,,,,,,,,,,,8,,,,,1,6,,8,4,8,,,19,,,,,,,,,,,,,,,28,,3,2,,,13,8,0,12,8,19,31,2,7,0,6,100
17/01/2011,Trunk,2,Exposed,Slope,2,3,2,,,,,,,,,5,,,1,,,,,1,,,,,,,,,,,,,,,,,,,,,,,,,,,,,,,,,,,,,,,,,,,7,,,,,,8,,6,6,9,,,21,,,,,,,,,,,,,,,23,,3,4,1,,12,7,0,15,6,21,26,4,8,1,8,100
17/01/2011,Trunk,2,Exposed,Slope,3,7,3,,,,,,,1,,3,,5,,1,,,,,,,,,,,,1,,,,,,,,,,,,,,,,,,,,,,,,,,,,,,,,,,,4,,,,,,2,,14,7,4,,,16,,,,,,,,,,,,,,,25,,3,4,,,21,4,0,11,14,16,28,4,2,0,2,100
17/01/2011,Trunk,2,Exposed,Slope,4,5,2,,,,,,,1,,3,,,,,,,,,,,,,,,,,,,,,,,,,,,,,,,,,,,,,,,,,,,,,,,,,,,11,,,,,,,,19,7,,,,18,,,,,,,,,,,,,,,29,,1,4,,,11,11,0,7,19,18,30,4,0,0,0,100
17/01/2011,Trunk,2,Exposed,Crest,1,11,14,,,,,,,3,,,,,1,,,,,,,,,,,,,,,,,,,,,,,,,,,,,,,,,,,,,,,,,,,,,,,,3,1,,,,2,1,,19,1,,,,37,,,,,,,,,,,,,,,7,,,,,,29,3,1,1,19,37,7,0,3,0,1,100
17/01/2011,Trunk,2,Exposed,Crest,2,10,4,,,,,,,1,,,,,,,,,,,,,,,,,,,,,,,,,,,,,,,,,,,,,,,,,,,,,,,,,,,,,1,2,,,,,,,23,,,,,45,,,,,,,,,,,,,1,,10,,1,2,,,15,1,2,0,23,45,12,2,0,0,0,100
17/01/2011,Trunk,2,Exposed,Crest,3,8,8,,,,,,,2,,1,,,3,,,,,,,,,,,,,1,,,,,,,,,,,,,,,,,,,,,,,,,,,,,,,,,,,3,3,,,,,1,,30,,2,,,30,,,,,,,,,,,,,,,6,,2,,,,23,3,3,2,30,30,8,0,1,0,1,100
17/01/2011,Trunk,2,Exposed,Crest,4,12,7,1,,,,,,2,,1,,,2,,,,,,,,,,,,,,,,,,,,,,,,,,,,,,,,,,,,,,,,,,,,,,,,2,3,,,,,,,23,3,,,,33,,,,,,,,,,,,,,,8,,3,,,,25,2,3,3,23,33,11,0,0,0,0,100
17/01/2011,Trunk,2,Exposed,Flat,1,14,,,,,,,,2,,,,,,,,,,,1,,,,,,,,,,,,,,,,,,,,,,,,,,,,,,,,,,,1,,,,,,,,,,,,,2,,24,,,,,28,1,,,,,,,,,,,,4,,,1,2,20,,,18,0,0,0,24,28,7,20,3,0,2,100
17/01/2011,Trunk,2,Exposed,Flat,2,7,2,,,,,,,,,,,,,,,,,,,,,2,1,,,,,,,,,,,1,,,,,,,,,,,,,,,,,,,,,,,,,,,,,,,,,2,,26,,,,,24,2,,,,,,,,,,,,7,,1,,1,24,,,13,0,0,0,26,24,9,24,4,0,2,100
17/01/2011,Trunk,2,Exposed,Flat,3,1,,,1,,,,,,,,,,1,,,,,,1,,,,,,,,,,,,,,,,,,,,,,,,,,,,,,,,,,,,,,,,,,,,,,,,,,1,4,1,,,2,,4,,,,,,,,,,,3,,2,,2,77,,,4,0,0,5,1,2,7,77,0,0,0,100
17/01/2011,Trunk,2,Exposed,Flat,4,2,,,,,,,,,,,,,,,,,,,1,,,,,,,,,,,,,,,,,,,,,,,,,,,,,,,,,,,,,,,,,,,,,,,,,,12,9,1,,,2,,3,,,,,,,,,,,4,,5,,,61,,,3,0,0,10,12,2,9,61,0,0,0,100
17/01/2011,Trunk,3,Exposed,Slope,1,4,2,,,,,,,,,1,,,,,,,,1,,,,,,,,,,,,,,,,,,,,,,,,,,,,,,,,,,,,,,,,,,,5,,,,,,2,,4,2,9,,,18,1,,,2,,,,,,,,,,,43,,1,5,,,8,5,0,11,4,18,46,5,3,0,2,100
17/01/2011,Trunk,3,Exposed,Slope,2,3,,,,,,,,,,6,,1,,2,,,,,,,,,,,,,,,,,,,,,,,,,,,,,,,,,,,,,,,,,,,,,1,,3,,,,,,3,,7,12,1,,,13,,,,2,,,,,,,,,,,36,,1,9,,,13,3,0,13,7,13,39,9,3,0,3,100
17/01/2011,Trunk,3,Exposed,Slope,3,5,2,,,,,,,1,,1,,2,1,1,,,,1,,,,,,,,,,,,,,,,,,,,,,,,,,,,,,,,,,,,,,,,,,,4,,,,,,3,,9,15,2,,,9,1,,,1,,,,,,,,,,,33,1,4,4,,,14,4,0,17,9,9,39,4,4,0,3,100
17/01/2011,Trunk,3,Exposed,Slope,4,,3,,,,,,,2,,3,,,1,3,,,,,,,,,,,,,,,,,,,,,,,,,,,,,,,,,,,,,,,,,,,,,,,6,,,,,,3,,8,13,,,,10,,,,2,,,,,,,,,,,41,,1,5,,,12,6,0,13,8,10,44,5,3,0,3,101
17/01/2011,Trunk,3,Exposed,Crest,1,7,3,,,,,,,3,,,,,1,,,,,,1,,,,,,,,,,,,,,,,,,,,,,,,,,,,,,,,,,,,,,,,,,1,2,,,,,,,25,,2,,,24,,,,,,,,,,,,,,,20,1,3,7,,,15,1,2,2,25,24,24,7,0,0,0,100
17/01/2011,Trunk,3,Exposed,Crest,2,10,5,,,,,,,3,,1,,,,,,,,,,,,,,,,,,,,,,,,,,,,,,,,,,,,,,,,,,,,,,,,,,,2,,,,,,,,15,,1,,,25,,1,,,,,,,,,,,2,,9,,2,24,,,19,2,0,1,15,25,13,24,0,0,0,100
17/01/2011,Trunk,3,Exposed,Crest,3,6,4,,,,,,,3,,,,,,,,,,,,,,,,,,,,,,,,,,,,,,,,,,,,,,,,,,,,,,,,,,,,,,,,,,,,,20,1,4,,,30,,,,,,,,,,,,,,,16,1,4,11,,,13,0,0,5,20,30,21,11,0,0,0,100
17/01/2011,Trunk,3,Exposed,Crest,4,2,2,,,,,,,3,,,,,2,,,,,,,,,,,,,,,,,,,,,,,,,,,,,,,,,,,,,,,,,,,,,,,,,2,,,,,,,17,,6,,,32,,,,,,,,,,,,,2,,12,1,4,15,,,9,0,2,6,17,32,19,15,0,0,0,100
17/01/2011,Trunk,3,Exposed,Flat,1,5,2,,,,,,,,,,,,,,,,,,,,,,,,,,,,,,,,,,,,,1,,,,,,,,,,,,,,,,,,,,,,,,,,,,,1,,27,8,7,,,15,,,,,,,,,,,,,3,,7,,4,20,,,8,0,0,15,27,15,14,20,1,0,1,100
17/01/2011,Trunk,3,Exposed,Flat,2,7,,,,,,,,,,,,,,,,,,,2,,,,,,,,,,,,,,,,,,,,,,,,,,,,,,,,,,,,,,,,,,,,,,,1,5,,21,3,3,,,11,,,,,,,,,,,,,,,9,2,3,32,,,9,0,0,6,21,11,14,32,6,0,5,99
17/01/2011,Trunk,3,Exposed,Flat,3,5,2,,,,,,,,,,,,,,,,,,1,,,,,,,,,,,,1,,,,,,,,,,,,,,,,,,,,,,,,,,,,,,,,,,,,3,,26,1,3,,,7,,,,,,,,,,,,,4,,4,2,4,37,,,9,0,0,4,26,7,14,37,3,0,3,100
17/01/2011,Trunk,3,Exposed,Flat,4,2,,,,,,,,,,,,,,,,,,,1,,,,,,,,,,,,,,,,,,,,,,,,,,,,,,,,,,,,,,,,,,,,,,,1,2,,7,18,1,,,8,,4,,,,,,,,,,,3,,9,1,3,40,,,3,0,0,19,7,8,16,40,3,0,2,100
18/01/2011,Rib,1,Exposed,Slope,1,28,21,,,,,,,4,3,,,,1,1,,,,,,,,,,,,,,,,,,,,,,,,,,,,,,,,,,,,,,,,,,,,,,,3,,,,,,,,6,,1,,,31,,,,,,,,,,,,,,,,,1,,,,58,3,0,1,6,31,1,0,0,0,0,100
18/01/2011,Rib,1,Exposed,Slope,2,20,18,,,,,1,,3,3,,,4,,,,,,,,,,,,,,,,,,,,,,,1,,,,,,,,,,,,,,,,,,,,,1,,1,,,4,,,,,,1,,12,,3,,,27,,,,,,,,,,,,,,,,,1,,,,52,4,0,3,12,27,1,0,1,0,1,100
18/01/2011,Rib,1,Exposed,Slope,3,29,31,,,,1,3,,2,2,1,,1,1,,,,,,,,,,,,,,,,,,,,,,,,,,,,,,,,,,,,,,,,,,,,,,,,2,1,,,,,,,3,,5,,,18,,,,,,,,,,,,,,,,,,,,,71,2,1,5,3,18,0,0,0,0,0,100
18/01/2011,Rib,1,Exposed,Slope,4,26,12,,,,2,,,1,2,,,1,,,,,,1,,1,,,,,,,,,,,,,,,,,,,,,,,,,,,,,,,,,,,,,,,,,9,1,,,,,3,,6,,4,,,31,,,,,,,,,,,,,,,,,,,,,46,9,1,4,6,31,0,0,3,0,3,100
18/01/2011,Rib,1,Exposed,Crest,1,30,8,1,,,,,,1,,4,,,,,,,1,,,,,,,,,,,,,,,,,,,,,,,,,,,,,,,,,,,,,,,,1,,,,,5,,,,,,,18,,2,,,27,,,,,,,,,,,,,,,,,,1,,1,46,0,5,2,18,27,0,1,0,1,0,100
18/01/2011,Rib,1,Exposed,Crest,2,31,21,5,,,,,,3,,3,,,,,,,,,,,,,,,,,,,,,,,,,,,,,,,,,,,,,,,,,,,,,,,,,,,,,,,,,,,3,,3,,,29,,,,,,,,,,,,,,,,,,2,,,63,0,0,3,3,29,0,2,0,0,0,100
18/01/2011,Rib,1,Exposed,Crest,3,31,42,1,,,,,,2,,1,,,,,,,,,,,,,1,,,,,,,,,,,,,,,,,,,,,,,,,,,,,,,,,,,,,,,1,,,,,,,7,,4,,,10,,,,,,,,,,,,,,,,,,,,,78,0,1,4,7,10,0,0,0,0,0,100
18/01/2011,Rib,1,Exposed,Crest,4,28,24,3,,,,,,3,,2,,1,,,,,,,,,,,,,,,,,,,,,,,,,,,,,,,,,,,,,,,,,,,,,,,,,,1,,,,,,,17,,,,,21,,,,,,,,,,,,,,,,,,,,,61,0,1,0,17,21,0,0,0,0,0,100
18/01/2011,Rib,1,Exposed,Flat,1,26,5,3,,,,,,7,,,,3,,,,,,,1,1,,,,,,,,,,,,,,,,,,,,,,,,,,,,,,,,,,,,,,,,,1,,,,,,,,4,,,,,44,,,,,,,,,,,,,,,,,,5,,,46,1,0,0,4,44,0,5,0,0,0,100
18/01/2011,Rib,1,Exposed,Flat,2,28,11,2,,,,,,5,,,,1,,,,,,1,1,,,1,,,,,,,,,,,,,,,,,,,,,,,,,,,,,,,,,,,,,,,1,,1,,,,2,,4,,,,,36,,,,,,,,,,,,,,,,,,6,,,50,1,1,0,4,36,0,6,2,0,2,100
18/01/2011,Rib,1,Exposed,Flat,3,28,16,1,,,,1,,2,,,,,,,,,,1,3,,,2,,,,,,,,,,,,,,,,,,,,,,,,,,,,,,,,,,1,,,,,3,,,,,,,,15,1,,,,24,,,,,,,,,,,,,,,,,,1,,,55,3,0,1,15,24,0,1,0,0,0,99
18/01/2011,Rib,1,Exposed,Flat,4,42,15,,,,,,,,,,,,2,,,,,,,,,1,,,,,,,,,,,,,,,,,,,,,,,,,,,,,,,,,,,,,,,1,,,,,,,,12,3,2,,,22,,,,,,,,,,,,,,,,,,,,,60,1,0,5,12,22,0,0,0,0,0,100
18/01/2011,Rib,2,Exposed,Slope,1,15,2,,,,1,,,2,,1,,1,,,,,,,,,,,,,,,,,,,,,,,,,,,,,,,,,,,,,,,,,,,,,,,,,9,,,,,,6,,12,,8,,,32,2,,,,,,,,,,,,,,,2,,7,,,22,9,0,8,12,32,2,7,8,0,6,100
18/01/2011,Rib,2,Exposed,Slope,2,16,8,,2,,,1,,1,,,,1,5,,,,,,,,,,,,,,,,,,,,,,,,,,,,,,,,,,,,,1,,,,,1,,,,,,9,,,,,,,,18,,5,,,22,1,,,,,,,,,,,,,,,,,9,,,36,9,0,5,18,22,0,9,1,0,0,100
18/01/2011,Rib,2,Exposed,Slope,3,20,7,,,,1,1,,1,,,,6,2,,,,,2,,,,,,,,,,,,,,,,,,,,,,,,,,,,,,,,,,,,,1,,,,,,4,,,,,,3,,17,,3,,1,27,,,,,,,,,,,,,,,,1,,3,,,41,4,0,3,17,27,1,3,4,0,3,100
18/01/2011,Rib,2,Exposed,Slope,4,23,9,,,,,,,1,,,,3,4,,,,,,,,,,,,,,,,,,,,,,,,,,,,,,,,,,,,,,,,,,,,,,,,3,,,,,,6,,17,,4,,,23,1,,,,,,,,,,,,,,,,1,5,,,40,3,0,4,17,23,1,5,7,0,6,100
18/01/2011,Rib,2,Exposed,Crest,1,25,5,,,,,,,3,,2,,1,,,,,,,,,,,,,,,,,,,,,,,,,,,,,,,,,,,,,,,,,,,,,,,,,,1,,,,,,,10,,,,,45,,,,,,,,,,,,,,,,,,8,,,36,0,1,0,10,45,0,8,0,0,0,100
18/01/2011,Rib,2,Exposed,Crest,2,23,6,,,,1,,,5,,4,,,,,,,1,1,,,,,,,,,,,,,,,,,,,,,,,,,,,,,,,,,,,,,,,,,,,,4,,,,,,,11,,1,,,32,,,,,,,,,,,,,,,,,,10,,,41,0,4,1,11,32,0,10,0,0,0,99
18/01/2011,Rib,2,Exposed,Crest,3,26,9,,,,,,,6,,3,,1,,,,,,,,,,,,,,1,,,,,,,,,,,,,,,,,,,,,,,,,,,,,,,,,,,,3,,,,,,,14,,,,,34,,,,,,,,,,,,,,,,,,3,,,46,0,3,0,14,34,0,3,0,0,0,100
18/01/2011,Rib,2,Exposed,Crest,4,19,12,,,,,,,3,,3,,,,,,,,1,,,,,,,,,,,,,1,,,,,,,,,,,,,,,,,,,,,,,,,,,,,,,2,,,,,,,12,,,,,36,,,,,,,,,,,,,,,,,,11,,,39,0,2,0,12,36,0,11,0,0,0,100
18/01/2011,Rib,2,Exposed,Flat,1,11,3,1,1,,,,,3,,,,,,,,,,2,2,,,,,,,,,,,,,,1,,,,,,,,,,,,,,,,,,,,,,,,,,,,2,,,,,,2,,19,1,6,,,16,1,,,,,,,,,,,,,,,1,,28,,,24,2,0,7,19,16,1,28,3,0,2,100
18/01/2011,Rib,2,Exposed,Flat,2,10,1,,,,,,,1,,,,1,1,,,,,2,2,1,,5,,,,,,,,,,,,,,,,,,,,,,,,,,,,,,,,,1,,,,,,6,,,,,,1,,17,2,1,,,11,1,,,,,,,,,,,,,,,2,,34,,,25,6,0,3,17,11,2,34,2,0,1,100
18/01/2011,Rib,2,Exposed,Flat,3,6,1,1,,,,,,,,,,,1,,,,,1,1,,,,,,,,,,,,,,,,,,,,,,1,,,,,,,,,,,,,,1,,,,,,,,,,,,2,,12,1,1,,,13,,,,,,,,,,,,,,,,,,58,,,13,0,0,2,12,13,0,58,2,0,2,100
18/01/2011,Rib,2,Exposed,Flat,4,4,,,,,,,,,,,,2,,,,,,2,,,,4,,,,,,,,,,,,,,,,,,,,,,,,,,,,,,,,,,,,,,,,,,,,,,,12,2,5,,,14,,,,,,,,,,,,,,,,1,,54,,,12,0,0,7,12,14,1,54,0,0,0,100
19/01/2011,Rib,3,Exposed,Slope,1,25,8,,1,,1,,,4,,,,1,5,,,,,,,,,,,,,,,,,,,,,,,,,,,,,,,,,,,,,,,,,,,,,,,,10,1,,,,,2,,11,,,,,31,,,,,,,,,,,,,,,,,,,,,45,10,1,0,11,31,0,0,2,0,2,100
19/01/2011,Rib,3,Exposed,Slope,2,27,21,,,,,,,4,,,,,3,,,,,,1,,,,,,,,,,,,,,,,1,,,,,,,,,,,,,,,2,,,,,,,,,,,3,1,,,,,2,,13,,,,,21,,,,,,,,,,,,,,,,,,1,,,59,3,1,0,13,21,0,1,2,0,2,100
19/01/2011,Rib,3,Exposed,Slope,3,17,21,1,,,1,,,4,,,,1,4,,,,,,,,,,,,,,,,,,,,,,,,,,,,,,,,,,,,,,,,,,,,,,,,7,2,,,,,2,,14,,,,,23,,,,,,,,,,,,,,,,,1,1,,,49,7,2,0,14,23,1,1,2,0,2,99
19/01/2011,Rib,3,Exposed,Slope,4,25,20,,,,,,,6,,1,,1,2,,,,,,,,,,,,,,,,,,,,,,,,,,,,,,,,,,,,,,,,,,,,,,,,6,1,,,,,1,,11,,2,,,21,1,,,,,,,,,,,,,,,,2,,,,55,6,1,2,11,21,2,0,2,0,1,100
19/01/2011,Rib,3,Exposed,Crest,1,20,6,1,,,,,,8,,3,,,2,,,,,1,,,,,,,,,,,,,,,,,,,,,,,,,,,,,,,,,,,,,,,,,,,,1,,,,,1,,12,,,,,42,1,,,,,,,,,,,,,,,,,2,,,41,0,1,0,12,42,0,2,2,0,1,100
19/01/2011,Rib,3,Exposed,Crest,2,17,6,,,,,,,7,,2,,,,,,,,,,,,,,,,,,,,,,,,,,,,,,,,,,,,,,,,,,,,,,,,,,,,,,,,,,,8,,,,,56,,,,,,,,,,,,,,,,,1,3,,,32,0,0,0,8,56,1,3,0,0,0,100
19/01/2011,Rib,3,Exposed,Crest,3,20,13,,,,,,,6,,,,,1,,,,,,,,,,,,,,,,,,,,,,,,,,,,,,,,,,,,,,,,,,,,,,,,,,,,,,,,6,,,,,51,,,,,,,,,,,,,,,,,,3,,,40,0,0,0,6,51,0,3,0,0,0,100
19/01/2011,Rib,3,Exposed,Crest,4,29,4,,,,,,,6,,,,,1,,,,,,,,,,,,,,,,,,,,,,,,,,,,,,,,,,,,,,,,,,,,,,,,,1,,,,1,,,7,,,,,50,,,,,,,,,,,,,,,,,,1,,,40,0,1,0,7,50,0,1,1,0,0,100
19/01/2011,Rib,3,Exposed,Flat,1,10,3,,,,,,,,,,,,4,,,,1,,,2,,2,,,,,,,,,,,,,,,,,,,,,,,,,,,,,,,,,,,,,,,,,,,,,15,,26,,1,,,24,,,,,,,,,,,,,,,,,,12,,,22,0,0,1,26,24,0,12,15,0,15,100
19/01/2011,Rib,3,Exposed,Flat,2,5,,,1,,,,,1,,,,,4,,,,1,1,,1,,2,,,1,,,,,,,,,,,,,,,,,,,,,,,,,,,,,,,,,,,,1,,,,,,7,,16,4,1,,,15,,,,,,,,,,,,,,,,,,39,,,17,1,0,5,16,15,0,39,7,0,7,100
19/01/2011,Rib,3,Exposed,Flat,3,7,3,,,,,,,7,,,,,2,,,,2,,1,,,,,,,,,,,,,,,,,,,,,,,,,,,,,,,,,,,,,,,,,,,,,,,,9,,22,,,,,26,,,,,,,,,,,,,,,,,,21,,,22,0,0,0,22,26,0,21,9,0,9,100
19/01/2011,Rib,3,Exposed,Flat,4,12,3,,,,,,,,,,,,,,,,,,,,,2,,,,,,,,,,,,,,,,,,,,,,,,,,,,,,,,,,,,,,,,,,,,,8,,18,,,,,19,,,,,,,,,,,,,,,,,,38,,,17,0,0,0,18,19,0,38,8,0,8,100
20/01/2011,Rib,1,Sheltered,Slope,1,20,7,,,,1,1,,3,5,,,2,5,,,,,1,1,,,,,,,1,,,,1,,,,1,,,,,,,,,,,,,,,,,,,,,,,,,,,10,,,,,,3,,4,,8,,,26,,,,,,,,,,,,,,,,,,,,,49,10,0,8,4,26,0,0,3,0,3,100
20/01/2011,Rib,1,Sheltered,Slope,2,17,8,,,,,,,4,2,,,2,1,,,,,,,,,,,,,,,,1,,,1,,,1,,,,,,,,,,,,,,,,,,,,,,1,,,,15,,1,,,,6,,7,2,8,,,21,,,,,,,,,,,,,,,,,,2,,,38,15,1,10,7,21,0,2,6,0,6,100
20/01/2011,Rib,1,Sheltered,Slope,3,25,6,1,,,,2,,1,2,,,3,1,,,,,1,,1,,,,,,,,,,,,,,,,,,,,,,1,,,,,,,,,,,,,,,,,,,11,,,,,,2,,7,4,3,,,26,,,,,,,,,,,,,,,1,,2,,,,44,11,0,7,7,26,3,0,2,0,2,100
20/01/2011,Rib,1,Sheltered,Slope,4,12,8,,,,,,,3,,,,1,4,,,,,,,,,,,,1,1,,,,,,,,,,,,,,,,,,,,,,,,,,,,,,1,,,,,14,,,,,,8,,6,,8,,,30,,,,,,,,1,,,,,,,,,2,,,,31,14,0,8,6,30,3,0,8,0,8,100
20/01/2011,Rib,1,Sheltered,Crest,1,14,6,3,,,,,,5,,2,,1,,,,,1,,,1,,,,,,,,,,,,,,,,,,,,,,,,,,,,,,,,,,,,,,,,,2,3,,,,,,,24,,,,,36,,,,,,,,,,,,,,,,,,2,,,33,2,3,0,24,36,0,2,0,0,0,100
20/01/2011,Rib,1,Sheltered,Crest,2,32,10,4,,,,,,4,,,,,1,,,,,,,,,,,,,,,,,,,,,,,,,,,,,,,,,,,,,,,,,,,,,,,,,1,,,,,,,15,1,,,,31,,,,,,,,,,,,,,,,,,,,,51,0,1,1,15,31,0,0,0,0,0,99
20/01/2011,Rib,1,Sheltered,Crest,3,20,12,4,,,,,,3,,1,,3,1,,,,1,,,,,,,,,,,,,,,,,,,,,,,,,,,,,,,,,,,,,,,,,1,,,1,,,,,,,,13,,1,,,39,,,,,,,,,,,,,,,,,,,,,46,1,0,1,13,39,0,0,0,0,0,100
20/01/2011,Rib,1,Sheltered,Crest,4,22,14,2,,,,,,4,,1,,1,,,,,,,,,,,,,,1,,,,,,,,,,,,,,,,,,,,,,,,,,,,,,,,,,,4,,,,,,,,16,,1,,,32,,,,,,,,,,,,,,,,1,1,,,,45,4,0,1,16,32,2,0,0,0,0,100
20/01/2011,Rib,1,Sheltered,Flat,1,16,8,,,,,,,2,,,,,1,,,,,2,4,,,2,,,,,,,,,,,,,2,,,,,,,,,,,,,,,,,,,,,,,,1,,8,,,,,,,,15,,,,,22,1,,,,,,,,,,,,,,,,,16,,,38,8,0,0,15,22,0,16,1,0,0,100
20/01/2011,Rib,1,Sheltered,Flat,2,18,5,2,,,,,,1,,,,,3,,,,,2,7,1,,4,,,,,,,,,1,,1,,,,,,,,,,,,,,,,,,,,,,,,,,,,3,,,,,,,,17,,,,,17,2,,,,,,,,,,,,,,,,,16,,,45,3,0,0,17,17,0,16,2,0,0,100
20/01/2011,Rib,1,Sheltered,Flat,3,15,3,,,,,,,2,,,,,,,,,1,,2,,,2,1,,,,,,,,,,,,1,,,,,,,,,,,,,,,,,,,,,,,,,,10,,,,,,,,18,6,,,,13,1,,,,,,,,,,,,,,,,,25,,,27,10,0,6,18,13,0,25,1,0,0,100
20/01/2011,Rib,1,Sheltered,Flat,4,3,4,1,,,,,,4,,,,2,2,,,,,,8,,,1,,,,,,,,,,,,,,,,,,,,,,,,,,,,,,,,,,,,,,,16,,,,,,,,18,2,1,,,13,1,,,,,,,,,,,,,,,,2,21,,1,25,16,0,3,18,13,2,21,1,1,0,100
20/01/2011,Rib,2,Sheltered,Slope,1,33,3,,,,1,,,2,,,,,,,,,,,,,,,,,,1,,,,,,,,,,,,,,,,,,,,,,,,,,,,,,,,,,,19,,,,,,1,,11,,4,,,23,,,,,,,,,,,,,,,,,1,1,,,40,19,0,4,11,23,1,1,1,0,1,100
20/01/2011,Rib,2,Sheltered,Slope,2,15,4,,1,,2,,,4,5,,,,3,,,,1,2,,1,1,,,,,,,,,,,,,,,,,,,,,,,,,,,,,,,1,,,,,,,,,13,,,,,,4,,9,1,12,,,18,,,,,,,,,,,,,,,,1,2,,,,40,13,0,13,9,18,3,0,4,0,4,100
20/01/2011,Rib,2,Sheltered,Slope,3,25,8,,,,,1,,3,2,1,,1,3,,,,,1,,1,,,,,,,,,,,,,,,,,,1,1,,,,,,,,,,,,,,,,,,,1,,,15,,,,,,4,,11,1,1,,,18,,,,,,,,,,,,,,,,,1,,,,49,15,0,2,11,18,1,0,4,0,4,100
20/01/2011,Rib,2,Sheltered,Slope,4,23,6,,,,1,,,1,7,1,,1,3,,,,,,,,,,,,,2,,,,,,,,,,,,,1,,,1,,1,,,,,,,,,,,,,,,,,16,,,,,,4,,6,1,1,,,19,,,,,,,,,,,,,,,,,5,,,,48,16,0,2,6,19,5,0,4,0,4,100
20/01/2011,Rib,2,Sheltered,Crest,1,19,12,,,,,,,6,,1,,,,,,,,,,,,,,,,,,,,,,,,,,,,,,,,,,,,,,,,,,,,,,,,,,,4,1,,,,,,,20,,1,,,33,,,,,,,,,,,,,,,,,2,1,,,38,4,1,1,20,33,2,1,0,0,0,100
20/01/2011,Rib,2,Sheltered,Crest,2,18,17,1,,,,,,5,,,,,,,,,1,,,,,,,,,,,,,,,,,,,,,,,,,,,,,,,,,,,,,,,,,,,,5,3,2,,,,1,,21,,3,,,20,,,,,,,,,,,,,,,,,2,1,,,42,5,5,3,21,20,2,1,1,0,1,100
20/01/2011,Rib,2,Sheltered,Crest,3,41,13,5,,,,,,4,,1,,,,,,,,,1,,,,,,,,,,,,,,,,,,,,,,,,,,,,,,,,,,,,,,,,,,3,2,,,,,,,12,,,,,14,,,,,,,,,,,,,,,,,2,2,,,65,3,2,0,12,14,2,2,0,0,0,100
20/01/2011,Rib,2,Sheltered,Crest,4,19,8,3,,,,,,7,,1,,,,,,,,,,,,,,,,,,,,,,,,,,,,,,,,,,,,,,,,,,,,,,,,,,,,,,,,,,,25,,8,,,27,,,,,,,,,,,,,,,,,1,,1,,38,0,0,8,25,27,1,0,0,1,0,100
20/01/2011,Rib,2,Sheltered,Flat,1,3,2,3,,,,,,,,,,,5,,,,2,4,3,,,1,,1,,,,,,,,,,,,,,,,,,,,,,,,,,,,,,,,,,,,,15,,,,,,,,8,,2,,,22,,,,,,,,,,,,,,,,1,,28,,,24,15,0,2,8,22,1,28,0,0,0,100
20/01/2011,Rib,2,Sheltered,Flat,2,8,1,,,,,,,,,,,1,,,,,2,1,3,1,,1,,,,,,,,,,,,,,,,,,,,,,,,,,,,,,,,,,,,,,,15,,,,,,,,3,7,1,,,8,,,,,,,,,,,,,,,,,,48,,,18,15,0,8,3,8,0,48,0,0,0,100
20/01/2011,Rib,2,Sheltered,Flat,3,7,3,1,,,,,,1,,,,,5,,,,1,,2,,,2,,,,,,,,1,,,,,,,,,,,,,,,,,,,,,,,,,,,,,,,14,,,,,,,,10,1,,,,11,,,,,,,,,,,,,,,,,,41,,,23,14,0,1,10,11,0,41,0,0,0,100
20/01/2011,Rib,2,Sheltered,Flat,4,11,2,2,,,1,,,,,,,,,,,,1,2,3,1,,3,,,,,,,,,,,,,,,,,,,,,,,,,,,,,,,,,,,,,,,4,,,,,,,,12,,3,,,11,,,,,,,,,,,,,,,,,,44,,,26,4,0,3,12,11,0,44,0,0,0,100
21/01/2011,Rib,3,Sheltered,Slope,1,11,4,,,,,,,4,,,,1,,,,,,1,,,,2,,,,,,,,,,,,,,,,1,,,,,,,,,,,,,,,,,,,1,,,,17,,,,,,1,,15,9,6,,,25,,,,,,,,,,,,,,,,1,,1,,,25,17,0,15,15,25,1,1,1,0,1,100
21/01/2011,Rib,3,Sheltered,Slope,2,10,7,,,,3,,,4,,1,,1,2,,1,,,3,,1,,1,,,,1,1,,,,,,,,,,,,,,,,,,,,,,,1,,,,,,,,,,,11,,,,,,2,,12,3,8,,,22,1,,,,,,,,,,,,,,,1,1,2,,,37,11,0,11,12,22,2,2,3,0,2,100
21/01/2011,Rib,3,Sheltered,Slope,3,22,3,,,,,3,,9,4,1,,2,1,,,,2,,1,2,,2,,,,,,,,,1,,,,1,,,,,,,,,,,,,,,,,,,,,,,,,,14,1,,,,,1,,14,,,,,13,1,,,,,,,,,,,,,,,,2,,,,54,14,1,0,14,13,2,0,2,0,1,100
21/01/2011,Rib,3,Sheltered,Slope,4,14,8,,,,2,1,,9,6,,,1,3,,,,2,1,1,2,,,,,,1,1,,1,,,,,,,,,,,,,,,,,,,,,1,,,,,,,,,1,,10,3,,,,,,,6,,4,,,18,,,,,,,,,,,,,,,,,,4,,,55,10,3,4,6,18,0,4,0,0,0,100
21/01/2011,Rib,3,Sheltered,Crest,1,17,26,,,,,,,7,,,,1,1,,,,,,,,,,,,,,,,,,,,,,,,,,,,,,,,,,,,,,,,,,,,,,1,,4,,,,,,,,21,,,,,22,,,,,,,,,,,,,,,,,,,,,53,4,0,0,21,22,0,0,0,0,0,100
21/01/2011,Rib,3,Sheltered,Crest,2,21,18,,,,,,,5,,,,,2,,,,,,,,,1,,,,,,,,,,,,,,,,,,,,,,,,,,,,,,,,,,,,,,,2,,,,,,,,14,,2,,,31,,,,,,,,,,,,,,,,,,4,,,47,2,0,2,14,31,0,4,0,0,0,100
21/01/2011,Rib,3,Sheltered,Crest,3,34,10,,,,1,,,8,,,,,,,,,1,,1,,,,,,,,,,,,,,,,,,,,,,,,,,,,,,,,,,,,,,,,,,,1,,,,,,,18,,,,,24,,,,,,,,,,,,,,,,,,2,,,55,0,1,0,18,24,0,2,0,0,0,100
21/01/2011,Rib,3,Sheltered,Crest,4,26,7,8,,,,,,6,,2,,,1,,,,,,1,,,,,,,,,,,,,,,,,,,1,,,,,,,,,,,,,,,,,,,,,,,,2,,,,,1,,11,,2,,,30,,,,,,,,,,,,,,,,,,2,,,52,0,2,2,11,30,0,2,1,0,1,100
21/01/2011,Rib,3,Sheltered,Flat,1,17,1,1,,,1,,,2,,,,,2,,,,2,,4,,,,,,,,,,,,,,,,,,,,,,,,,,,,,,,,,,,,,,,,,,11,,,,,,,,6,3,3,,,11,1,,,,,,,,,,,,,,,,,35,,,30,11,0,6,6,11,0,35,1,0,0,100
21/01/2011,Rib,3,Sheltered,Flat,2,10,,1,,,,,,4,,,,1,,,,,3,,5,,,2,,,,,,,,,,,,,,,,,,,,,,,,,,,,,,,,,,,,,,,14,,,,,,,,6,3,2,,,18,,,,,,,,,,,,,,,,,,31,,,26,14,0,5,6,18,0,31,0,0,0,100
21/01/2011,Rib,3,Sheltered,Flat,3,8,2,2,,,,,,1,,,,2,1,,,,1,,3,1,,1,,,1,,,,,,,,,,,,,,,,,,,,,,,,,,,,,,,,,,,,12,,,,,,,,12,,3,,,17,,,,,,,,,,,,,,,,1,,32,,,23,12,0,3,12,17,1,32,0,0,0,100
21/01/2011,Rib,3,Sheltered,Flat,4,12,4,3,,,,,,1,,,,,4,,,,3,1,6,,,1,,,,,,,,,,,1,,,,,,,,,,,,,,,,,,,,,,,,,,1,,7,,,,,,,,6,2,,,,9,,,,,,,,,,,,,,,,,,39,,,37,7,0,2,6,9,0,39,0,0,0,100
22/01/2011,Bramble,3,Sheltered,Flat,1,1,1,,,,,,,,,,,1,,,,,,,,,,,,,,,,,,,,,,,,,,,,,,,,,,,,,,,,,,,,,,,,,,,,,,,,,,13,2,,1,,,,,,,,,,,,,,3,,10,,25,43,,,3,0,0,15,0,0,38,43,1,0,0,100
22/01/2011,Bramble,3,Sheltered,Flat,2,3,,,,,,,,,1,,,2,,,,,2,,2,,,,,,,,,,,,,,,,,,,,,,,,1,,,,,,,,,,,,,,,,,,2,,,,,,2,,2,8,8,6,,5,,,,,,,,,,,,,2,,1,2,14,37,,,11,2,0,22,2,5,19,37,2,0,2,100
22/01/2011,Bramble,3,Sheltered,Flat,3,4,,,1,,,,,,,,,1,,,,,1,,1,,,,,,,,,,,,,,,,,,,,,,,,,,,,,,,,,,,,,,,1,,,2,,,,,,,,5,6,6,3,,9,,,,,,,,,,,,,3,,,,14,42,,1,9,2,0,15,5,9,17,42,0,1,0,100
22/01/2011,Bramble,3,Sheltered,Flat,4,7,,,,,,,,1,2,,2,3,,,,,,1,,,,,,,,,,,,,,,,,,,,,,,,,,,,,,,,,,,,,,,,,,,3,,,,,,1,,2,6,7,,,3,,,,,,,,,,,,,5,,,,16,41,,,16,3,0,13,2,3,21,41,1,0,1,100
,,,,,,,,,,,,,,,,,,,,,,,,,,,,,,,,,,,,,,,,,,,,,,,,,,,,,,,,,,,,,,,,,,,,,,,,,,,,,,,,,,,,,,,,,,,,,,,,,,,,,,,,,,,,,,,,
,,,,,,,,,,,,,,,,,,,,,,,,,,,,,,,,,,,,,,,,,,,,,,,,,,,,,,,,,,,,,,,,,,,,,,,,,,,,,,,,,,,,,,,,,,,,,,,,,,,,,,,,,,,,,,,,
,,,,,,,,,,,,,,,,,,,,,,,,,,,,,,,,,,,,,,,,,,,,,,,,,,,,,,,,,,,,,,,,,,,,,,,,,,,,,,,,,,,,,,,,,,,,,,,,,,,,,,,,,,,,,,,,